record_type	tablet_order	level_order	level	lesson	mode	tablet_state	tablet_path	stone_order	text	asset_key	written_text	sound_art	visual_art	text_ok	written_text_ok	sound_art_ok	visual_art_ok	passed_checks	required_checks	confidence_percent	lock_eligible	load_status
STONE	1	0	foundation_ascii	ascii_32_126_solo	solo	staged	XML_text/00_ascii_32_126_solo.xml	1	 	ascii_032	ascii_032.8x8.txt	ascii_032.wav	ascii_032.svg	1	1	0	1	3	3	100	YES	VERIFIED
STONE	1	0	foundation_ascii	ascii_32_126_solo	solo	staged	XML_text/00_ascii_32_126_solo.xml	2	!	ascii_033	ascii_033.8x8.txt	ascii_033.wav	ascii_033.svg	1	1	0	1	3	3	100	YES	VERIFIED
STONE	1	0	foundation_ascii	ascii_32_126_solo	solo	staged	XML_text/00_ascii_32_126_solo.xml	3	"	ascii_034	ascii_034.8x8.txt	ascii_034.wav	ascii_034.svg	1	1	0	1	3	3	100	YES	VERIFIED
STONE	1	0	foundation_ascii	ascii_32_126_solo	solo	staged	XML_text/00_ascii_32_126_solo.xml	4	#	ascii_035	ascii_035.8x8.txt	ascii_035.wav	ascii_035.svg	1	1	0	1	3	3	100	YES	VERIFIED
STONE	1	0	foundation_ascii	ascii_32_126_solo	solo	staged	XML_text/00_ascii_32_126_solo.xml	5	$	ascii_036	ascii_036.8x8.txt	ascii_036.wav	ascii_036.svg	1	1	0	1	3	3	100	YES	VERIFIED
STONE	1	0	foundation_ascii	ascii_32_126_solo	solo	staged	XML_text/00_ascii_32_126_solo.xml	6	%	ascii_037	ascii_037.8x8.txt	ascii_037.wav	ascii_037.svg	1	1	0	1	3	3	100	YES	VERIFIED
STONE	1	0	foundation_ascii	ascii_32_126_solo	solo	staged	XML_text/00_ascii_32_126_solo.xml	7	&	ascii_038	ascii_038.8x8.txt	ascii_038.wav	ascii_038.svg	1	1	0	1	3	3	100	YES	VERIFIED
STONE	1	0	foundation_ascii	ascii_32_126_solo	solo	staged	XML_text/00_ascii_32_126_solo.xml	8	'	ascii_039	ascii_039.8x8.txt	ascii_039.wav	ascii_039.svg	1	1	0	1	3	3	100	YES	VERIFIED
STONE	1	0	foundation_ascii	ascii_32_126_solo	solo	staged	XML_text/00_ascii_32_126_solo.xml	9	(	ascii_040	ascii_040.8x8.txt	ascii_040.wav	ascii_040.svg	1	1	0	1	3	3	100	YES	VERIFIED
STONE	1	0	foundation_ascii	ascii_32_126_solo	solo	staged	XML_text/00_ascii_32_126_solo.xml	10	)	ascii_041	ascii_041.8x8.txt	ascii_041.wav	ascii_041.svg	1	1	0	1	3	3	100	YES	VERIFIED
STONE	1	0	foundation_ascii	ascii_32_126_solo	solo	staged	XML_text/00_ascii_32_126_solo.xml	11	*	ascii_042	ascii_042.8x8.txt	ascii_042.wav	ascii_042.svg	1	1	0	1	3	3	100	YES	VERIFIED
STONE	1	0	foundation_ascii	ascii_32_126_solo	solo	staged	XML_text/00_ascii_32_126_solo.xml	12	+	ascii_043	ascii_043.8x8.txt	ascii_043.wav	ascii_043.svg	1	1	0	1	3	3	100	YES	VERIFIED
STONE	1	0	foundation_ascii	ascii_32_126_solo	solo	staged	XML_text/00_ascii_32_126_solo.xml	13	,	ascii_044	ascii_044.8x8.txt	ascii_044.wav	ascii_044.svg	1	1	0	1	3	3	100	YES	VERIFIED
STONE	1	0	foundation_ascii	ascii_32_126_solo	solo	staged	XML_text/00_ascii_32_126_solo.xml	14	-	ascii_045	ascii_045.8x8.txt	ascii_045.wav	ascii_045.svg	1	1	0	1	3	3	100	YES	VERIFIED
STONE	1	0	foundation_ascii	ascii_32_126_solo	solo	staged	XML_text/00_ascii_32_126_solo.xml	15	.	ascii_046	ascii_046.8x8.txt	ascii_046.wav	ascii_046.svg	1	1	0	1	3	3	100	YES	VERIFIED
STONE	1	0	foundation_ascii	ascii_32_126_solo	solo	staged	XML_text/00_ascii_32_126_solo.xml	16	/	ascii_047	ascii_047.8x8.txt	ascii_047.wav	ascii_047.svg	1	1	0	1	3	3	100	YES	VERIFIED
STONE	1	0	foundation_ascii	ascii_32_126_solo	solo	staged	XML_text/00_ascii_32_126_solo.xml	17	0	0	0.8x8.txt	0.wav	0.svg	1	1	1	1	3	3	100	YES	VERIFIED
STONE	1	0	foundation_ascii	ascii_32_126_solo	solo	staged	XML_text/00_ascii_32_126_solo.xml	18	1	1	1.8x8.txt	1.wav	1.svg	1	1	1	1	3	3	100	YES	VERIFIED
STONE	1	0	foundation_ascii	ascii_32_126_solo	solo	staged	XML_text/00_ascii_32_126_solo.xml	19	2	2	2.8x8.txt	2.wav	2.svg	1	1	1	1	3	3	100	YES	VERIFIED
STONE	1	0	foundation_ascii	ascii_32_126_solo	solo	staged	XML_text/00_ascii_32_126_solo.xml	20	3	3	3.8x8.txt	3.wav	3.svg	1	1	1	1	3	3	100	YES	VERIFIED
STONE	1	0	foundation_ascii	ascii_32_126_solo	solo	staged	XML_text/00_ascii_32_126_solo.xml	21	4	4	4.8x8.txt	4.wav	4.svg	1	1	1	1	3	3	100	YES	VERIFIED
STONE	1	0	foundation_ascii	ascii_32_126_solo	solo	staged	XML_text/00_ascii_32_126_solo.xml	22	5	5	5.8x8.txt	5.wav	5.svg	1	1	1	1	3	3	100	YES	VERIFIED
STONE	1	0	foundation_ascii	ascii_32_126_solo	solo	staged	XML_text/00_ascii_32_126_solo.xml	23	6	6	6.8x8.txt	6.wav	6.svg	1	1	1	1	3	3	100	YES	VERIFIED
STONE	1	0	foundation_ascii	ascii_32_126_solo	solo	staged	XML_text/00_ascii_32_126_solo.xml	24	7	7	7.8x8.txt	7.wav	7.svg	1	1	1	1	3	3	100	YES	VERIFIED
STONE	1	0	foundation_ascii	ascii_32_126_solo	solo	staged	XML_text/00_ascii_32_126_solo.xml	25	8	8	8.8x8.txt	8.wav	8.svg	1	1	1	1	3	3	100	YES	VERIFIED
STONE	1	0	foundation_ascii	ascii_32_126_solo	solo	staged	XML_text/00_ascii_32_126_solo.xml	26	9	9	9.8x8.txt	9.wav	9.svg	1	1	1	1	3	3	100	YES	VERIFIED
STONE	1	0	foundation_ascii	ascii_32_126_solo	solo	staged	XML_text/00_ascii_32_126_solo.xml	27	:	ascii_058	ascii_058.8x8.txt	ascii_058.wav	ascii_058.svg	1	1	0	1	3	3	100	YES	VERIFIED
STONE	1	0	foundation_ascii	ascii_32_126_solo	solo	staged	XML_text/00_ascii_32_126_solo.xml	28	;	ascii_059	ascii_059.8x8.txt	ascii_059.wav	ascii_059.svg	1	1	0	1	3	3	100	YES	VERIFIED
STONE	1	0	foundation_ascii	ascii_32_126_solo	solo	staged	XML_text/00_ascii_32_126_solo.xml	29	<	ascii_060	ascii_060.8x8.txt	ascii_060.wav	ascii_060.svg	1	1	0	1	3	3	100	YES	VERIFIED
STONE	1	0	foundation_ascii	ascii_32_126_solo	solo	staged	XML_text/00_ascii_32_126_solo.xml	30	=	ascii_061	ascii_061.8x8.txt	ascii_061.wav	ascii_061.svg	1	1	0	1	3	3	100	YES	VERIFIED
STONE	1	0	foundation_ascii	ascii_32_126_solo	solo	staged	XML_text/00_ascii_32_126_solo.xml	31	>	ascii_062	ascii_062.8x8.txt	ascii_062.wav	ascii_062.svg	1	1	0	1	3	3	100	YES	VERIFIED
STONE	1	0	foundation_ascii	ascii_32_126_solo	solo	staged	XML_text/00_ascii_32_126_solo.xml	32	?	ascii_063	ascii_063.8x8.txt	ascii_063.wav	ascii_063.svg	1	1	0	1	3	3	100	YES	VERIFIED
STONE	1	0	foundation_ascii	ascii_32_126_solo	solo	staged	XML_text/00_ascii_32_126_solo.xml	33	@	ascii_064	ascii_064.8x8.txt	ascii_064.wav	ascii_064.svg	1	1	0	1	3	3	100	YES	VERIFIED
STONE	1	0	foundation_ascii	ascii_32_126_solo	solo	staged	XML_text/00_ascii_32_126_solo.xml	34	A	A	A.8x8.txt	A.wav	A.svg	1	1	1	1	3	3	100	YES	VERIFIED
STONE	1	0	foundation_ascii	ascii_32_126_solo	solo	staged	XML_text/00_ascii_32_126_solo.xml	35	B	B	B.8x8.txt	B.wav	B.svg	1	1	1	1	3	3	100	YES	VERIFIED
STONE	1	0	foundation_ascii	ascii_32_126_solo	solo	staged	XML_text/00_ascii_32_126_solo.xml	36	C	C	C.8x8.txt	C.wav	C.svg	1	1	1	1	3	3	100	YES	VERIFIED
STONE	1	0	foundation_ascii	ascii_32_126_solo	solo	staged	XML_text/00_ascii_32_126_solo.xml	37	D	D	D.8x8.txt	D.wav	D.svg	1	1	1	1	3	3	100	YES	VERIFIED
STONE	1	0	foundation_ascii	ascii_32_126_solo	solo	staged	XML_text/00_ascii_32_126_solo.xml	38	E	E	E.8x8.txt	E.wav	E.svg	1	1	1	1	3	3	100	YES	VERIFIED
STONE	1	0	foundation_ascii	ascii_32_126_solo	solo	staged	XML_text/00_ascii_32_126_solo.xml	39	F	F	F.8x8.txt	F.wav	F.svg	1	1	1	1	3	3	100	YES	VERIFIED
STONE	1	0	foundation_ascii	ascii_32_126_solo	solo	staged	XML_text/00_ascii_32_126_solo.xml	40	G	G	G.8x8.txt	G.wav	G.svg	1	1	1	1	3	3	100	YES	VERIFIED
STONE	1	0	foundation_ascii	ascii_32_126_solo	solo	staged	XML_text/00_ascii_32_126_solo.xml	41	H	H	H.8x8.txt	H.wav	H.svg	1	1	1	1	3	3	100	YES	VERIFIED
STONE	1	0	foundation_ascii	ascii_32_126_solo	solo	staged	XML_text/00_ascii_32_126_solo.xml	42	I	I	I.8x8.txt	I.wav	I.svg	1	1	1	1	3	3	100	YES	VERIFIED
STONE	1	0	foundation_ascii	ascii_32_126_solo	solo	staged	XML_text/00_ascii_32_126_solo.xml	43	J	J	J.8x8.txt	J.wav	J.svg	1	1	1	1	3	3	100	YES	VERIFIED
STONE	1	0	foundation_ascii	ascii_32_126_solo	solo	staged	XML_text/00_ascii_32_126_solo.xml	44	K	K	K.8x8.txt	K.wav	K.svg	1	1	1	1	3	3	100	YES	VERIFIED
STONE	1	0	foundation_ascii	ascii_32_126_solo	solo	staged	XML_text/00_ascii_32_126_solo.xml	45	L	L	L.8x8.txt	L.wav	L.svg	1	1	1	1	3	3	100	YES	VERIFIED
STONE	1	0	foundation_ascii	ascii_32_126_solo	solo	staged	XML_text/00_ascii_32_126_solo.xml	46	M	M	M.8x8.txt	M.wav	M.svg	1	1	1	1	3	3	100	YES	VERIFIED
STONE	1	0	foundation_ascii	ascii_32_126_solo	solo	staged	XML_text/00_ascii_32_126_solo.xml	47	N	N	N.8x8.txt	N.wav	N.svg	1	1	1	1	3	3	100	YES	VERIFIED
STONE	1	0	foundation_ascii	ascii_32_126_solo	solo	staged	XML_text/00_ascii_32_126_solo.xml	48	O	O	O.8x8.txt	O.wav	O.svg	1	1	1	1	3	3	100	YES	VERIFIED
STONE	1	0	foundation_ascii	ascii_32_126_solo	solo	staged	XML_text/00_ascii_32_126_solo.xml	49	P	P	P.8x8.txt	P.wav	P.svg	1	1	1	1	3	3	100	YES	VERIFIED
STONE	1	0	foundation_ascii	ascii_32_126_solo	solo	staged	XML_text/00_ascii_32_126_solo.xml	50	Q	Q	Q.8x8.txt	Q.wav	Q.svg	1	1	1	1	3	3	100	YES	VERIFIED
STONE	1	0	foundation_ascii	ascii_32_126_solo	solo	staged	XML_text/00_ascii_32_126_solo.xml	51	R	R	R.8x8.txt	R.wav	R.svg	1	1	1	1	3	3	100	YES	VERIFIED
STONE	1	0	foundation_ascii	ascii_32_126_solo	solo	staged	XML_text/00_ascii_32_126_solo.xml	52	S	S	S.8x8.txt	S.wav	S.svg	1	1	1	1	3	3	100	YES	VERIFIED
STONE	1	0	foundation_ascii	ascii_32_126_solo	solo	staged	XML_text/00_ascii_32_126_solo.xml	53	T	T	T.8x8.txt	T.wav	T.svg	1	1	1	1	3	3	100	YES	VERIFIED
STONE	1	0	foundation_ascii	ascii_32_126_solo	solo	staged	XML_text/00_ascii_32_126_solo.xml	54	U	U	U.8x8.txt	U.wav	U.svg	1	1	1	1	3	3	100	YES	VERIFIED
STONE	1	0	foundation_ascii	ascii_32_126_solo	solo	staged	XML_text/00_ascii_32_126_solo.xml	55	V	V	V.8x8.txt	V.wav	V.svg	1	1	1	1	3	3	100	YES	VERIFIED
STONE	1	0	foundation_ascii	ascii_32_126_solo	solo	staged	XML_text/00_ascii_32_126_solo.xml	56	W	W	W.8x8.txt	W.wav	W.svg	1	1	1	1	3	3	100	YES	VERIFIED
STONE	1	0	foundation_ascii	ascii_32_126_solo	solo	staged	XML_text/00_ascii_32_126_solo.xml	57	X	X	X.8x8.txt	X.wav	X.svg	1	1	1	1	3	3	100	YES	VERIFIED
STONE	1	0	foundation_ascii	ascii_32_126_solo	solo	staged	XML_text/00_ascii_32_126_solo.xml	58	Y	Y	Y.8x8.txt	Y.wav	Y.svg	1	1	1	1	3	3	100	YES	VERIFIED
STONE	1	0	foundation_ascii	ascii_32_126_solo	solo	staged	XML_text/00_ascii_32_126_solo.xml	59	Z	Z	Z.8x8.txt	Z.wav	Z.svg	1	1	1	1	3	3	100	YES	VERIFIED
STONE	1	0	foundation_ascii	ascii_32_126_solo	solo	staged	XML_text/00_ascii_32_126_solo.xml	60	[	ascii_091	ascii_091.8x8.txt	ascii_091.wav	ascii_091.svg	1	1	0	1	3	3	100	YES	VERIFIED
STONE	1	0	foundation_ascii	ascii_32_126_solo	solo	staged	XML_text/00_ascii_32_126_solo.xml	61	\	ascii_092	ascii_092.8x8.txt	ascii_092.wav	ascii_092.svg	1	1	0	1	3	3	100	YES	VERIFIED
STONE	1	0	foundation_ascii	ascii_32_126_solo	solo	staged	XML_text/00_ascii_32_126_solo.xml	62	]	ascii_093	ascii_093.8x8.txt	ascii_093.wav	ascii_093.svg	1	1	0	1	3	3	100	YES	VERIFIED
STONE	1	0	foundation_ascii	ascii_32_126_solo	solo	staged	XML_text/00_ascii_32_126_solo.xml	63	^	ascii_094	ascii_094.8x8.txt	ascii_094.wav	ascii_094.svg	1	1	0	1	3	3	100	YES	VERIFIED
STONE	1	0	foundation_ascii	ascii_32_126_solo	solo	staged	XML_text/00_ascii_32_126_solo.xml	64	_	ascii_095	ascii_095.8x8.txt	ascii_095.wav	ascii_095.svg	1	1	0	1	3	3	100	YES	VERIFIED
STONE	1	0	foundation_ascii	ascii_32_126_solo	solo	staged	XML_text/00_ascii_32_126_solo.xml	65	`	ascii_096	ascii_096.8x8.txt	ascii_096.wav	ascii_096.svg	1	1	0	1	3	3	100	YES	VERIFIED
STONE	1	0	foundation_ascii	ascii_32_126_solo	solo	staged	XML_text/00_ascii_32_126_solo.xml	66	a	a	a.8x8.txt	a.wav	a.svg	1	1	1	1	3	3	100	YES	VERIFIED
STONE	1	0	foundation_ascii	ascii_32_126_solo	solo	staged	XML_text/00_ascii_32_126_solo.xml	67	b	b	b.8x8.txt	b.wav	b.svg	1	1	1	1	3	3	100	YES	VERIFIED
STONE	1	0	foundation_ascii	ascii_32_126_solo	solo	staged	XML_text/00_ascii_32_126_solo.xml	68	c	c	c.8x8.txt	c.wav	c.svg	1	1	1	1	3	3	100	YES	VERIFIED
STONE	1	0	foundation_ascii	ascii_32_126_solo	solo	staged	XML_text/00_ascii_32_126_solo.xml	69	d	d	d.8x8.txt	d.wav	d.svg	1	1	1	1	3	3	100	YES	VERIFIED
STONE	1	0	foundation_ascii	ascii_32_126_solo	solo	staged	XML_text/00_ascii_32_126_solo.xml	70	e	e	e.8x8.txt	e.wav	e.svg	1	1	1	1	3	3	100	YES	VERIFIED
STONE	1	0	foundation_ascii	ascii_32_126_solo	solo	staged	XML_text/00_ascii_32_126_solo.xml	71	f	f	f.8x8.txt	f.wav	f.svg	1	1	1	1	3	3	100	YES	VERIFIED
STONE	1	0	foundation_ascii	ascii_32_126_solo	solo	staged	XML_text/00_ascii_32_126_solo.xml	72	g	g	g.8x8.txt	g.wav	g.svg	1	1	1	1	3	3	100	YES	VERIFIED
STONE	1	0	foundation_ascii	ascii_32_126_solo	solo	staged	XML_text/00_ascii_32_126_solo.xml	73	h	h	h.8x8.txt	h.wav	h.svg	1	1	1	1	3	3	100	YES	VERIFIED
STONE	1	0	foundation_ascii	ascii_32_126_solo	solo	staged	XML_text/00_ascii_32_126_solo.xml	74	i	i	i.8x8.txt	i.wav	i.svg	1	1	1	1	3	3	100	YES	VERIFIED
STONE	1	0	foundation_ascii	ascii_32_126_solo	solo	staged	XML_text/00_ascii_32_126_solo.xml	75	j	j	j.8x8.txt	j.wav	j.svg	1	1	1	1	3	3	100	YES	VERIFIED
STONE	1	0	foundation_ascii	ascii_32_126_solo	solo	staged	XML_text/00_ascii_32_126_solo.xml	76	k	k	k.8x8.txt	k.wav	k.svg	1	1	1	1	3	3	100	YES	VERIFIED
STONE	1	0	foundation_ascii	ascii_32_126_solo	solo	staged	XML_text/00_ascii_32_126_solo.xml	77	l	l	l.8x8.txt	l.wav	l.svg	1	1	1	1	3	3	100	YES	VERIFIED
STONE	1	0	foundation_ascii	ascii_32_126_solo	solo	staged	XML_text/00_ascii_32_126_solo.xml	78	m	m	m.8x8.txt	m.wav	m.svg	1	1	1	1	3	3	100	YES	VERIFIED
STONE	1	0	foundation_ascii	ascii_32_126_solo	solo	staged	XML_text/00_ascii_32_126_solo.xml	79	n	n	n.8x8.txt	n.wav	n.svg	1	1	1	1	3	3	100	YES	VERIFIED
STONE	1	0	foundation_ascii	ascii_32_126_solo	solo	staged	XML_text/00_ascii_32_126_solo.xml	80	o	o	o.8x8.txt	o.wav	o.svg	1	1	1	1	3	3	100	YES	VERIFIED
STONE	1	0	foundation_ascii	ascii_32_126_solo	solo	staged	XML_text/00_ascii_32_126_solo.xml	81	p	p	p.8x8.txt	p.wav	p.svg	1	1	1	1	3	3	100	YES	VERIFIED
STONE	1	0	foundation_ascii	ascii_32_126_solo	solo	staged	XML_text/00_ascii_32_126_solo.xml	82	q	q	q.8x8.txt	q.wav	q.svg	1	1	1	1	3	3	100	YES	VERIFIED
STONE	1	0	foundation_ascii	ascii_32_126_solo	solo	staged	XML_text/00_ascii_32_126_solo.xml	83	r	r	r.8x8.txt	r.wav	r.svg	1	1	1	1	3	3	100	YES	VERIFIED
STONE	1	0	foundation_ascii	ascii_32_126_solo	solo	staged	XML_text/00_ascii_32_126_solo.xml	84	s	s	s.8x8.txt	s.wav	s.svg	1	1	1	1	3	3	100	YES	VERIFIED
STONE	1	0	foundation_ascii	ascii_32_126_solo	solo	staged	XML_text/00_ascii_32_126_solo.xml	85	t	t	t.8x8.txt	t.wav	t.svg	1	1	1	1	3	3	100	YES	VERIFIED
STONE	1	0	foundation_ascii	ascii_32_126_solo	solo	staged	XML_text/00_ascii_32_126_solo.xml	86	u	u	u.8x8.txt	u.wav	u.svg	1	1	1	1	3	3	100	YES	VERIFIED
STONE	1	0	foundation_ascii	ascii_32_126_solo	solo	staged	XML_text/00_ascii_32_126_solo.xml	87	v	v	v.8x8.txt	v.wav	v.svg	1	1	1	1	3	3	100	YES	VERIFIED
STONE	1	0	foundation_ascii	ascii_32_126_solo	solo	staged	XML_text/00_ascii_32_126_solo.xml	88	w	w	w.8x8.txt	w.wav	w.svg	1	1	1	1	3	3	100	YES	VERIFIED
STONE	1	0	foundation_ascii	ascii_32_126_solo	solo	staged	XML_text/00_ascii_32_126_solo.xml	89	x	x	x.8x8.txt	x.wav	x.svg	1	1	1	1	3	3	100	YES	VERIFIED
STONE	1	0	foundation_ascii	ascii_32_126_solo	solo	staged	XML_text/00_ascii_32_126_solo.xml	90	y	y	y.8x8.txt	y.wav	y.svg	1	1	1	1	3	3	100	YES	VERIFIED
STONE	1	0	foundation_ascii	ascii_32_126_solo	solo	staged	XML_text/00_ascii_32_126_solo.xml	91	z	z	z.8x8.txt	z.wav	z.svg	1	1	1	1	3	3	100	YES	VERIFIED
STONE	1	0	foundation_ascii	ascii_32_126_solo	solo	staged	XML_text/00_ascii_32_126_solo.xml	92	{	ascii_123	ascii_123.8x8.txt	ascii_123.wav	ascii_123.svg	1	1	0	1	3	3	100	YES	VERIFIED
STONE	1	0	foundation_ascii	ascii_32_126_solo	solo	staged	XML_text/00_ascii_32_126_solo.xml	93	|	ascii_124	ascii_124.8x8.txt	ascii_124.wav	ascii_124.svg	1	1	0	1	3	3	100	YES	VERIFIED
STONE	1	0	foundation_ascii	ascii_32_126_solo	solo	staged	XML_text/00_ascii_32_126_solo.xml	94	}	ascii_125	ascii_125.8x8.txt	ascii_125.wav	ascii_125.svg	1	1	0	1	3	3	100	YES	VERIFIED
STONE	1	0	foundation_ascii	ascii_32_126_solo	solo	staged	XML_text/00_ascii_32_126_solo.xml	95	~	ascii_126	ascii_126.8x8.txt	ascii_126.wav	ascii_126.svg	1	1	0	1	3	3	100	YES	VERIFIED
TABLET_SUMMARY	1	0	foundation_ascii	ascii_32_126_solo	solo	staged	XML_text/00_ascii_32_126_solo.xml	0						0	0	0	0	285	285	100	YES	100_PERCENT_VERIFIED
STONE	2	1	counting	counting_zero_to_ten_solo	solo	staged	XML_text/01_counting_zero_to_ten_solo.xml	1	zero	zero	zero.8x8.txt	zero.wav	zero.svg	1	1	1	1	4	4	100	YES	VERIFIED
STONE	2	1	counting	counting_zero_to_ten_solo	solo	staged	XML_text/01_counting_zero_to_ten_solo.xml	2	one	one	one.8x8.txt	one.wav	one.svg	1	1	1	1	4	4	100	YES	VERIFIED
STONE	2	1	counting	counting_zero_to_ten_solo	solo	staged	XML_text/01_counting_zero_to_ten_solo.xml	3	two	two	two.8x8.txt	two.wav	two.svg	1	1	1	1	4	4	100	YES	VERIFIED
STONE	2	1	counting	counting_zero_to_ten_solo	solo	staged	XML_text/01_counting_zero_to_ten_solo.xml	4	three	three	three.8x8.txt	three.wav	three.svg	1	1	1	1	4	4	100	YES	VERIFIED
STONE	2	1	counting	counting_zero_to_ten_solo	solo	staged	XML_text/01_counting_zero_to_ten_solo.xml	5	four	four	four.8x8.txt	four.wav	four.svg	1	1	1	1	4	4	100	YES	VERIFIED
STONE	2	1	counting	counting_zero_to_ten_solo	solo	staged	XML_text/01_counting_zero_to_ten_solo.xml	6	five	five	five.8x8.txt	five.wav	five.svg	1	1	1	1	4	4	100	YES	VERIFIED
STONE	2	1	counting	counting_zero_to_ten_solo	solo	staged	XML_text/01_counting_zero_to_ten_solo.xml	7	six	six	six.8x8.txt	six.wav	six.svg	1	1	1	1	4	4	100	YES	VERIFIED
STONE	2	1	counting	counting_zero_to_ten_solo	solo	staged	XML_text/01_counting_zero_to_ten_solo.xml	8	seven	seven	seven.8x8.txt	seven.wav	seven.svg	1	1	1	1	4	4	100	YES	VERIFIED
STONE	2	1	counting	counting_zero_to_ten_solo	solo	staged	XML_text/01_counting_zero_to_ten_solo.xml	9	eight	eight	eight.8x8.txt	eight.wav	eight.svg	1	1	1	1	4	4	100	YES	VERIFIED
STONE	2	1	counting	counting_zero_to_ten_solo	solo	staged	XML_text/01_counting_zero_to_ten_solo.xml	10	nine	nine	nine.8x8.txt	nine.wav	nine.svg	1	1	1	1	4	4	100	YES	VERIFIED
STONE	2	1	counting	counting_zero_to_ten_solo	solo	staged	XML_text/01_counting_zero_to_ten_solo.xml	11	ten	ten	ten.8x8.txt	ten.wav	ten.svg	1	1	1	1	4	4	100	YES	VERIFIED
TABLET_SUMMARY	2	1	counting	counting_zero_to_ten_solo	solo	staged	XML_text/01_counting_zero_to_ten_solo.xml	0						0	0	0	0	44	44	100	YES	100_PERCENT_VERIFIED
STONE	3	1	counting	counting_zero_to_ten_timed_light	bridge	staged	XML_text/01_counting_zero_to_ten_timed_light.xml	1	zero	zero	zero.8x8.txt	zero.wav	zero.svg	1	1	1	1	4	4	100	YES	VERIFIED
STONE	3	1	counting	counting_zero_to_ten_timed_light	bridge	staged	XML_text/01_counting_zero_to_ten_timed_light.xml	2	one	one	one.8x8.txt	one.wav	one.svg	1	1	1	1	4	4	100	YES	VERIFIED
STONE	3	1	counting	counting_zero_to_ten_timed_light	bridge	staged	XML_text/01_counting_zero_to_ten_timed_light.xml	3	two	two	two.8x8.txt	two.wav	two.svg	1	1	1	1	4	4	100	YES	VERIFIED
STONE	3	1	counting	counting_zero_to_ten_timed_light	bridge	staged	XML_text/01_counting_zero_to_ten_timed_light.xml	4	three	three	three.8x8.txt	three.wav	three.svg	1	1	1	1	4	4	100	YES	VERIFIED
STONE	3	1	counting	counting_zero_to_ten_timed_light	bridge	staged	XML_text/01_counting_zero_to_ten_timed_light.xml	5	four	four	four.8x8.txt	four.wav	four.svg	1	1	1	1	4	4	100	YES	VERIFIED
STONE	3	1	counting	counting_zero_to_ten_timed_light	bridge	staged	XML_text/01_counting_zero_to_ten_timed_light.xml	6	five	five	five.8x8.txt	five.wav	five.svg	1	1	1	1	4	4	100	YES	VERIFIED
STONE	3	1	counting	counting_zero_to_ten_timed_light	bridge	staged	XML_text/01_counting_zero_to_ten_timed_light.xml	7	six	six	six.8x8.txt	six.wav	six.svg	1	1	1	1	4	4	100	YES	VERIFIED
STONE	3	1	counting	counting_zero_to_ten_timed_light	bridge	staged	XML_text/01_counting_zero_to_ten_timed_light.xml	8	seven	seven	seven.8x8.txt	seven.wav	seven.svg	1	1	1	1	4	4	100	YES	VERIFIED
STONE	3	1	counting	counting_zero_to_ten_timed_light	bridge	staged	XML_text/01_counting_zero_to_ten_timed_light.xml	9	eight	eight	eight.8x8.txt	eight.wav	eight.svg	1	1	1	1	4	4	100	YES	VERIFIED
STONE	3	1	counting	counting_zero_to_ten_timed_light	bridge	staged	XML_text/01_counting_zero_to_ten_timed_light.xml	10	nine	nine	nine.8x8.txt	nine.wav	nine.svg	1	1	1	1	4	4	100	YES	VERIFIED
STONE	3	1	counting	counting_zero_to_ten_timed_light	bridge	staged	XML_text/01_counting_zero_to_ten_timed_light.xml	11	ten	ten	ten.8x8.txt	ten.wav	ten.svg	1	1	1	1	4	4	100	YES	VERIFIED
TABLET_SUMMARY	3	1	counting	counting_zero_to_ten_timed_light	bridge	staged	XML_text/01_counting_zero_to_ten_timed_light.xml	0						0	0	0	0	44	44	100	YES	100_PERCENT_VERIFIED
TABLET	4	1	counting	counting_one_to_one_hundred_grouped	elastic	planned	XML_text/01_counting_one_to_one_hundred_grouped.xml	0						0	0	0	0	0	0	0	NO	PLANNED
STONE	5	2	alphabet	alphabet_uppercase_solo	solo	staged	XML_text/02_alphabet_uppercase_solo.xml	1	A	A	A.8x8.txt	A.wav	A.svg	1	1	1	1	4	4	100	YES	VERIFIED
STONE	5	2	alphabet	alphabet_uppercase_solo	solo	staged	XML_text/02_alphabet_uppercase_solo.xml	2	B	B	B.8x8.txt	B.wav	B.svg	1	1	1	1	4	4	100	YES	VERIFIED
STONE	5	2	alphabet	alphabet_uppercase_solo	solo	staged	XML_text/02_alphabet_uppercase_solo.xml	3	C	C	C.8x8.txt	C.wav	C.svg	1	1	1	1	4	4	100	YES	VERIFIED
STONE	5	2	alphabet	alphabet_uppercase_solo	solo	staged	XML_text/02_alphabet_uppercase_solo.xml	4	D	D	D.8x8.txt	D.wav	D.svg	1	1	1	1	4	4	100	YES	VERIFIED
STONE	5	2	alphabet	alphabet_uppercase_solo	solo	staged	XML_text/02_alphabet_uppercase_solo.xml	5	E	E	E.8x8.txt	E.wav	E.svg	1	1	1	1	4	4	100	YES	VERIFIED
STONE	5	2	alphabet	alphabet_uppercase_solo	solo	staged	XML_text/02_alphabet_uppercase_solo.xml	6	F	F	F.8x8.txt	F.wav	F.svg	1	1	1	1	4	4	100	YES	VERIFIED
STONE	5	2	alphabet	alphabet_uppercase_solo	solo	staged	XML_text/02_alphabet_uppercase_solo.xml	7	G	G	G.8x8.txt	G.wav	G.svg	1	1	1	1	4	4	100	YES	VERIFIED
STONE	5	2	alphabet	alphabet_uppercase_solo	solo	staged	XML_text/02_alphabet_uppercase_solo.xml	8	H	H	H.8x8.txt	H.wav	H.svg	1	1	1	1	4	4	100	YES	VERIFIED
STONE	5	2	alphabet	alphabet_uppercase_solo	solo	staged	XML_text/02_alphabet_uppercase_solo.xml	9	I	I	I.8x8.txt	I.wav	I.svg	1	1	1	1	4	4	100	YES	VERIFIED
STONE	5	2	alphabet	alphabet_uppercase_solo	solo	staged	XML_text/02_alphabet_uppercase_solo.xml	10	J	J	J.8x8.txt	J.wav	J.svg	1	1	1	1	4	4	100	YES	VERIFIED
STONE	5	2	alphabet	alphabet_uppercase_solo	solo	staged	XML_text/02_alphabet_uppercase_solo.xml	11	K	K	K.8x8.txt	K.wav	K.svg	1	1	1	1	4	4	100	YES	VERIFIED
STONE	5	2	alphabet	alphabet_uppercase_solo	solo	staged	XML_text/02_alphabet_uppercase_solo.xml	12	L	L	L.8x8.txt	L.wav	L.svg	1	1	1	1	4	4	100	YES	VERIFIED
STONE	5	2	alphabet	alphabet_uppercase_solo	solo	staged	XML_text/02_alphabet_uppercase_solo.xml	13	M	M	M.8x8.txt	M.wav	M.svg	1	1	1	1	4	4	100	YES	VERIFIED
STONE	5	2	alphabet	alphabet_uppercase_solo	solo	staged	XML_text/02_alphabet_uppercase_solo.xml	14	N	N	N.8x8.txt	N.wav	N.svg	1	1	1	1	4	4	100	YES	VERIFIED
STONE	5	2	alphabet	alphabet_uppercase_solo	solo	staged	XML_text/02_alphabet_uppercase_solo.xml	15	O	O	O.8x8.txt	O.wav	O.svg	1	1	1	1	4	4	100	YES	VERIFIED
STONE	5	2	alphabet	alphabet_uppercase_solo	solo	staged	XML_text/02_alphabet_uppercase_solo.xml	16	P	P	P.8x8.txt	P.wav	P.svg	1	1	1	1	4	4	100	YES	VERIFIED
STONE	5	2	alphabet	alphabet_uppercase_solo	solo	staged	XML_text/02_alphabet_uppercase_solo.xml	17	Q	Q	Q.8x8.txt	Q.wav	Q.svg	1	1	1	1	4	4	100	YES	VERIFIED
STONE	5	2	alphabet	alphabet_uppercase_solo	solo	staged	XML_text/02_alphabet_uppercase_solo.xml	18	R	R	R.8x8.txt	R.wav	R.svg	1	1	1	1	4	4	100	YES	VERIFIED
STONE	5	2	alphabet	alphabet_uppercase_solo	solo	staged	XML_text/02_alphabet_uppercase_solo.xml	19	S	S	S.8x8.txt	S.wav	S.svg	1	1	1	1	4	4	100	YES	VERIFIED
STONE	5	2	alphabet	alphabet_uppercase_solo	solo	staged	XML_text/02_alphabet_uppercase_solo.xml	20	T	T	T.8x8.txt	T.wav	T.svg	1	1	1	1	4	4	100	YES	VERIFIED
STONE	5	2	alphabet	alphabet_uppercase_solo	solo	staged	XML_text/02_alphabet_uppercase_solo.xml	21	U	U	U.8x8.txt	U.wav	U.svg	1	1	1	1	4	4	100	YES	VERIFIED
STONE	5	2	alphabet	alphabet_uppercase_solo	solo	staged	XML_text/02_alphabet_uppercase_solo.xml	22	V	V	V.8x8.txt	V.wav	V.svg	1	1	1	1	4	4	100	YES	VERIFIED
STONE	5	2	alphabet	alphabet_uppercase_solo	solo	staged	XML_text/02_alphabet_uppercase_solo.xml	23	W	W	W.8x8.txt	W.wav	W.svg	1	1	1	1	4	4	100	YES	VERIFIED
STONE	5	2	alphabet	alphabet_uppercase_solo	solo	staged	XML_text/02_alphabet_uppercase_solo.xml	24	X	X	X.8x8.txt	X.wav	X.svg	1	1	1	1	4	4	100	YES	VERIFIED
STONE	5	2	alphabet	alphabet_uppercase_solo	solo	staged	XML_text/02_alphabet_uppercase_solo.xml	25	Y	Y	Y.8x8.txt	Y.wav	Y.svg	1	1	1	1	4	4	100	YES	VERIFIED
STONE	5	2	alphabet	alphabet_uppercase_solo	solo	staged	XML_text/02_alphabet_uppercase_solo.xml	26	Z	Z	Z.8x8.txt	Z.wav	Z.svg	1	1	1	1	4	4	100	YES	VERIFIED
TABLET_SUMMARY	5	2	alphabet	alphabet_uppercase_solo	solo	staged	XML_text/02_alphabet_uppercase_solo.xml	0						0	0	0	0	104	104	100	YES	100_PERCENT_VERIFIED
STONE	6	2	alphabet	alphabet_lowercase_solo	solo	staged	XML_text/02_alphabet_lowercase_solo.xml	1	a	a	a.8x8.txt	a.wav	a.svg	1	1	1	1	4	4	100	YES	VERIFIED
STONE	6	2	alphabet	alphabet_lowercase_solo	solo	staged	XML_text/02_alphabet_lowercase_solo.xml	2	b	b	b.8x8.txt	b.wav	b.svg	1	1	1	1	4	4	100	YES	VERIFIED
STONE	6	2	alphabet	alphabet_lowercase_solo	solo	staged	XML_text/02_alphabet_lowercase_solo.xml	3	c	c	c.8x8.txt	c.wav	c.svg	1	1	1	1	4	4	100	YES	VERIFIED
STONE	6	2	alphabet	alphabet_lowercase_solo	solo	staged	XML_text/02_alphabet_lowercase_solo.xml	4	d	d	d.8x8.txt	d.wav	d.svg	1	1	1	1	4	4	100	YES	VERIFIED
STONE	6	2	alphabet	alphabet_lowercase_solo	solo	staged	XML_text/02_alphabet_lowercase_solo.xml	5	e	e	e.8x8.txt	e.wav	e.svg	1	1	1	1	4	4	100	YES	VERIFIED
STONE	6	2	alphabet	alphabet_lowercase_solo	solo	staged	XML_text/02_alphabet_lowercase_solo.xml	6	f	f	f.8x8.txt	f.wav	f.svg	1	1	1	1	4	4	100	YES	VERIFIED
STONE	6	2	alphabet	alphabet_lowercase_solo	solo	staged	XML_text/02_alphabet_lowercase_solo.xml	7	g	g	g.8x8.txt	g.wav	g.svg	1	1	1	1	4	4	100	YES	VERIFIED
STONE	6	2	alphabet	alphabet_lowercase_solo	solo	staged	XML_text/02_alphabet_lowercase_solo.xml	8	h	h	h.8x8.txt	h.wav	h.svg	1	1	1	1	4	4	100	YES	VERIFIED
STONE	6	2	alphabet	alphabet_lowercase_solo	solo	staged	XML_text/02_alphabet_lowercase_solo.xml	9	i	i	i.8x8.txt	i.wav	i.svg	1	1	1	1	4	4	100	YES	VERIFIED
STONE	6	2	alphabet	alphabet_lowercase_solo	solo	staged	XML_text/02_alphabet_lowercase_solo.xml	10	j	j	j.8x8.txt	j.wav	j.svg	1	1	1	1	4	4	100	YES	VERIFIED
STONE	6	2	alphabet	alphabet_lowercase_solo	solo	staged	XML_text/02_alphabet_lowercase_solo.xml	11	k	k	k.8x8.txt	k.wav	k.svg	1	1	1	1	4	4	100	YES	VERIFIED
STONE	6	2	alphabet	alphabet_lowercase_solo	solo	staged	XML_text/02_alphabet_lowercase_solo.xml	12	l	l	l.8x8.txt	l.wav	l.svg	1	1	1	1	4	4	100	YES	VERIFIED
STONE	6	2	alphabet	alphabet_lowercase_solo	solo	staged	XML_text/02_alphabet_lowercase_solo.xml	13	m	m	m.8x8.txt	m.wav	m.svg	1	1	1	1	4	4	100	YES	VERIFIED
STONE	6	2	alphabet	alphabet_lowercase_solo	solo	staged	XML_text/02_alphabet_lowercase_solo.xml	14	n	n	n.8x8.txt	n.wav	n.svg	1	1	1	1	4	4	100	YES	VERIFIED
STONE	6	2	alphabet	alphabet_lowercase_solo	solo	staged	XML_text/02_alphabet_lowercase_solo.xml	15	o	o	o.8x8.txt	o.wav	o.svg	1	1	1	1	4	4	100	YES	VERIFIED
STONE	6	2	alphabet	alphabet_lowercase_solo	solo	staged	XML_text/02_alphabet_lowercase_solo.xml	16	p	p	p.8x8.txt	p.wav	p.svg	1	1	1	1	4	4	100	YES	VERIFIED
STONE	6	2	alphabet	alphabet_lowercase_solo	solo	staged	XML_text/02_alphabet_lowercase_solo.xml	17	q	q	q.8x8.txt	q.wav	q.svg	1	1	1	1	4	4	100	YES	VERIFIED
STONE	6	2	alphabet	alphabet_lowercase_solo	solo	staged	XML_text/02_alphabet_lowercase_solo.xml	18	r	r	r.8x8.txt	r.wav	r.svg	1	1	1	1	4	4	100	YES	VERIFIED
STONE	6	2	alphabet	alphabet_lowercase_solo	solo	staged	XML_text/02_alphabet_lowercase_solo.xml	19	s	s	s.8x8.txt	s.wav	s.svg	1	1	1	1	4	4	100	YES	VERIFIED
STONE	6	2	alphabet	alphabet_lowercase_solo	solo	staged	XML_text/02_alphabet_lowercase_solo.xml	20	t	t	t.8x8.txt	t.wav	t.svg	1	1	1	1	4	4	100	YES	VERIFIED
STONE	6	2	alphabet	alphabet_lowercase_solo	solo	staged	XML_text/02_alphabet_lowercase_solo.xml	21	u	u	u.8x8.txt	u.wav	u.svg	1	1	1	1	4	4	100	YES	VERIFIED
STONE	6	2	alphabet	alphabet_lowercase_solo	solo	staged	XML_text/02_alphabet_lowercase_solo.xml	22	v	v	v.8x8.txt	v.wav	v.svg	1	1	1	1	4	4	100	YES	VERIFIED
STONE	6	2	alphabet	alphabet_lowercase_solo	solo	staged	XML_text/02_alphabet_lowercase_solo.xml	23	w	w	w.8x8.txt	w.wav	w.svg	1	1	1	1	4	4	100	YES	VERIFIED
STONE	6	2	alphabet	alphabet_lowercase_solo	solo	staged	XML_text/02_alphabet_lowercase_solo.xml	24	x	x	x.8x8.txt	x.wav	x.svg	1	1	1	1	4	4	100	YES	VERIFIED
STONE	6	2	alphabet	alphabet_lowercase_solo	solo	staged	XML_text/02_alphabet_lowercase_solo.xml	25	y	y	y.8x8.txt	y.wav	y.svg	1	1	1	1	4	4	100	YES	VERIFIED
STONE	6	2	alphabet	alphabet_lowercase_solo	solo	staged	XML_text/02_alphabet_lowercase_solo.xml	26	z	z	z.8x8.txt	z.wav	z.svg	1	1	1	1	4	4	100	YES	VERIFIED
TABLET_SUMMARY	6	2	alphabet	alphabet_lowercase_solo	solo	staged	XML_text/02_alphabet_lowercase_solo.xml	0						0	0	0	0	104	104	100	YES	100_PERCENT_VERIFIED
STONE	7	2	alphabet	alphabet_case_pairs_and_counting	bridge	staged	XML_text/02_alphabet_case_pairs_and_counting.xml	1	Aa	Aa	Aa.8x8.txt	A.wav|a.wav	Aa.svg	1	1	1	1	4	4	100	YES	VERIFIED
STONE	7	2	alphabet	alphabet_case_pairs_and_counting	bridge	staged	XML_text/02_alphabet_case_pairs_and_counting.xml	2	Bb	Bb	Bb.8x8.txt	B.wav|b.wav	Bb.svg	1	1	1	1	4	4	100	YES	VERIFIED
STONE	7	2	alphabet	alphabet_case_pairs_and_counting	bridge	staged	XML_text/02_alphabet_case_pairs_and_counting.xml	3	Cc	Cc	Cc.8x8.txt	C.wav|c.wav	Cc.svg	1	1	1	1	4	4	100	YES	VERIFIED
STONE	7	2	alphabet	alphabet_case_pairs_and_counting	bridge	staged	XML_text/02_alphabet_case_pairs_and_counting.xml	4	Dd	Dd	Dd.8x8.txt	D.wav|d.wav	Dd.svg	1	1	1	1	4	4	100	YES	VERIFIED
STONE	7	2	alphabet	alphabet_case_pairs_and_counting	bridge	staged	XML_text/02_alphabet_case_pairs_and_counting.xml	5	Ee	Ee	Ee.8x8.txt	E.wav|e.wav	Ee.svg	1	1	1	1	4	4	100	YES	VERIFIED
STONE	7	2	alphabet	alphabet_case_pairs_and_counting	bridge	staged	XML_text/02_alphabet_case_pairs_and_counting.xml	6	Ff	Ff	Ff.8x8.txt	F.wav|f.wav	Ff.svg	1	1	1	1	4	4	100	YES	VERIFIED
STONE	7	2	alphabet	alphabet_case_pairs_and_counting	bridge	staged	XML_text/02_alphabet_case_pairs_and_counting.xml	7	Gg	Gg	Gg.8x8.txt	G.wav|g.wav	Gg.svg	1	1	1	1	4	4	100	YES	VERIFIED
STONE	7	2	alphabet	alphabet_case_pairs_and_counting	bridge	staged	XML_text/02_alphabet_case_pairs_and_counting.xml	8	Hh	Hh	Hh.8x8.txt	H.wav|h.wav	Hh.svg	1	1	1	1	4	4	100	YES	VERIFIED
STONE	7	2	alphabet	alphabet_case_pairs_and_counting	bridge	staged	XML_text/02_alphabet_case_pairs_and_counting.xml	9	Ii	Ii	Ii.8x8.txt	I.wav|i.wav	Ii.svg	1	1	1	1	4	4	100	YES	VERIFIED
STONE	7	2	alphabet	alphabet_case_pairs_and_counting	bridge	staged	XML_text/02_alphabet_case_pairs_and_counting.xml	10	Jj	Jj	Jj.8x8.txt	J.wav|j.wav	Jj.svg	1	1	1	1	4	4	100	YES	VERIFIED
STONE	7	2	alphabet	alphabet_case_pairs_and_counting	bridge	staged	XML_text/02_alphabet_case_pairs_and_counting.xml	11	Kk	Kk	Kk.8x8.txt	K.wav|k.wav	Kk.svg	1	1	1	1	4	4	100	YES	VERIFIED
STONE	7	2	alphabet	alphabet_case_pairs_and_counting	bridge	staged	XML_text/02_alphabet_case_pairs_and_counting.xml	12	Ll	Ll	Ll.8x8.txt	L.wav|l.wav	Ll.svg	1	1	1	1	4	4	100	YES	VERIFIED
STONE	7	2	alphabet	alphabet_case_pairs_and_counting	bridge	staged	XML_text/02_alphabet_case_pairs_and_counting.xml	13	Mm	Mm	Mm.8x8.txt	M.wav|m.wav	Mm.svg	1	1	1	1	4	4	100	YES	VERIFIED
STONE	7	2	alphabet	alphabet_case_pairs_and_counting	bridge	staged	XML_text/02_alphabet_case_pairs_and_counting.xml	14	Nn	Nn	Nn.8x8.txt	N.wav|n.wav	Nn.svg	1	1	1	1	4	4	100	YES	VERIFIED
STONE	7	2	alphabet	alphabet_case_pairs_and_counting	bridge	staged	XML_text/02_alphabet_case_pairs_and_counting.xml	15	Oo	Oo	Oo.8x8.txt	O.wav|o.wav	Oo.svg	1	1	1	1	4	4	100	YES	VERIFIED
STONE	7	2	alphabet	alphabet_case_pairs_and_counting	bridge	staged	XML_text/02_alphabet_case_pairs_and_counting.xml	16	Pp	Pp	Pp.8x8.txt	P.wav|p.wav	Pp.svg	1	1	1	1	4	4	100	YES	VERIFIED
STONE	7	2	alphabet	alphabet_case_pairs_and_counting	bridge	staged	XML_text/02_alphabet_case_pairs_and_counting.xml	17	Qq	Qq	Qq.8x8.txt	Q.wav|q.wav	Qq.svg	1	1	1	1	4	4	100	YES	VERIFIED
STONE	7	2	alphabet	alphabet_case_pairs_and_counting	bridge	staged	XML_text/02_alphabet_case_pairs_and_counting.xml	18	Rr	Rr	Rr.8x8.txt	R.wav|r.wav	Rr.svg	1	1	1	1	4	4	100	YES	VERIFIED
STONE	7	2	alphabet	alphabet_case_pairs_and_counting	bridge	staged	XML_text/02_alphabet_case_pairs_and_counting.xml	19	Ss	Ss	Ss.8x8.txt	S.wav|s.wav	Ss.svg	1	1	1	1	4	4	100	YES	VERIFIED
STONE	7	2	alphabet	alphabet_case_pairs_and_counting	bridge	staged	XML_text/02_alphabet_case_pairs_and_counting.xml	20	Tt	Tt	Tt.8x8.txt	T.wav|t.wav	Tt.svg	1	1	1	1	4	4	100	YES	VERIFIED
STONE	7	2	alphabet	alphabet_case_pairs_and_counting	bridge	staged	XML_text/02_alphabet_case_pairs_and_counting.xml	21	Uu	Uu	Uu.8x8.txt	U.wav|u.wav	Uu.svg	1	1	1	1	4	4	100	YES	VERIFIED
STONE	7	2	alphabet	alphabet_case_pairs_and_counting	bridge	staged	XML_text/02_alphabet_case_pairs_and_counting.xml	22	Vv	Vv	Vv.8x8.txt	V.wav|v.wav	Vv.svg	1	1	1	1	4	4	100	YES	VERIFIED
STONE	7	2	alphabet	alphabet_case_pairs_and_counting	bridge	staged	XML_text/02_alphabet_case_pairs_and_counting.xml	23	Ww	Ww	Ww.8x8.txt	W.wav|w.wav	Ww.svg	1	1	1	1	4	4	100	YES	VERIFIED
STONE	7	2	alphabet	alphabet_case_pairs_and_counting	bridge	staged	XML_text/02_alphabet_case_pairs_and_counting.xml	24	Xx	Xx	Xx.8x8.txt	X.wav|x.wav	Xx.svg	1	1	1	1	4	4	100	YES	VERIFIED
STONE	7	2	alphabet	alphabet_case_pairs_and_counting	bridge	staged	XML_text/02_alphabet_case_pairs_and_counting.xml	25	Yy	Yy	Yy.8x8.txt	Y.wav|y.wav	Yy.svg	1	1	1	1	4	4	100	YES	VERIFIED
STONE	7	2	alphabet	alphabet_case_pairs_and_counting	bridge	staged	XML_text/02_alphabet_case_pairs_and_counting.xml	26	Zz	Zz	Zz.8x8.txt	Z.wav|z.wav	Zz.svg	1	1	1	1	4	4	100	YES	VERIFIED
STONE	7	2	alphabet	alphabet_case_pairs_and_counting	bridge	staged	XML_text/02_alphabet_case_pairs_and_counting.xml	27	1 A a	1_A_a	1_A_a.8x8.txt	one.wav|A.wav|a.wav	1_A_a.svg	1	1	1	1	4	4	100	YES	VERIFIED
STONE	7	2	alphabet	alphabet_case_pairs_and_counting	bridge	staged	XML_text/02_alphabet_case_pairs_and_counting.xml	28	2 B b	2_B_b	2_B_b.8x8.txt	two.wav|B.wav|b.wav	2_B_b.svg	1	1	1	1	4	4	100	YES	VERIFIED
STONE	7	2	alphabet	alphabet_case_pairs_and_counting	bridge	staged	XML_text/02_alphabet_case_pairs_and_counting.xml	29	3 C c	3_C_c	3_C_c.8x8.txt	three.wav|C.wav|c.wav	3_C_c.svg	1	1	1	1	4	4	100	YES	VERIFIED
STONE	7	2	alphabet	alphabet_case_pairs_and_counting	bridge	staged	XML_text/02_alphabet_case_pairs_and_counting.xml	30	4 D d	4_D_d	4_D_d.8x8.txt	four.wav|D.wav|d.wav	4_D_d.svg	1	1	1	1	4	4	100	YES	VERIFIED
STONE	7	2	alphabet	alphabet_case_pairs_and_counting	bridge	staged	XML_text/02_alphabet_case_pairs_and_counting.xml	31	5 E e	5_E_e	5_E_e.8x8.txt	five.wav|E.wav|e.wav	5_E_e.svg	1	1	1	1	4	4	100	YES	VERIFIED
STONE	7	2	alphabet	alphabet_case_pairs_and_counting	bridge	staged	XML_text/02_alphabet_case_pairs_and_counting.xml	32	6 F f	6_F_f	6_F_f.8x8.txt	six.wav|F.wav|f.wav	6_F_f.svg	1	1	1	1	4	4	100	YES	VERIFIED
STONE	7	2	alphabet	alphabet_case_pairs_and_counting	bridge	staged	XML_text/02_alphabet_case_pairs_and_counting.xml	33	7 G g	7_G_g	7_G_g.8x8.txt	seven.wav|G.wav|g.wav	7_G_g.svg	1	1	1	1	4	4	100	YES	VERIFIED
STONE	7	2	alphabet	alphabet_case_pairs_and_counting	bridge	staged	XML_text/02_alphabet_case_pairs_and_counting.xml	34	8 H h	8_H_h	8_H_h.8x8.txt	eight.wav|H.wav|h.wav	8_H_h.svg	1	1	1	1	4	4	100	YES	VERIFIED
STONE	7	2	alphabet	alphabet_case_pairs_and_counting	bridge	staged	XML_text/02_alphabet_case_pairs_and_counting.xml	35	9 I i	9_I_i	9_I_i.8x8.txt	nine.wav|I.wav|i.wav	9_I_i.svg	1	1	1	1	4	4	100	YES	VERIFIED
STONE	7	2	alphabet	alphabet_case_pairs_and_counting	bridge	staged	XML_text/02_alphabet_case_pairs_and_counting.xml	36	10 J j	10_J_j	10_J_j.8x8.txt	ten.wav|J.wav|j.wav	10_J_j.svg	1	1	1	1	4	4	100	YES	VERIFIED
TABLET_SUMMARY	7	2	alphabet	alphabet_case_pairs_and_counting	bridge	staged	XML_text/02_alphabet_case_pairs_and_counting.xml	0						0	0	0	0	144	144	100	YES	100_PERCENT_VERIFIED
STONE	8	2	alphabet	alphabet_growing_sequences	elastic	staged	XML_text/02_alphabet_growing_sequences.xml	1	A	A	A.8x8.txt	A.wav	A.svg	1	1	1	1	4	4	100	YES	VERIFIED
STONE	8	2	alphabet	alphabet_growing_sequences	elastic	staged	XML_text/02_alphabet_growing_sequences.xml	2	AB	AB	AB.8x8.txt	A.wav|B.wav	AB.svg	1	1	1	1	4	4	100	YES	VERIFIED
STONE	8	2	alphabet	alphabet_growing_sequences	elastic	staged	XML_text/02_alphabet_growing_sequences.xml	3	ABC	ABC	ABC.8x8.txt	A.wav|B.wav|C.wav	ABC.svg	1	1	1	1	4	4	100	YES	VERIFIED
STONE	8	2	alphabet	alphabet_growing_sequences	elastic	staged	XML_text/02_alphabet_growing_sequences.xml	4	ABCD	ABCD	ABCD.8x8.txt	A.wav|B.wav|C.wav|D.wav	ABCD.svg	1	1	1	1	4	4	100	YES	VERIFIED
STONE	8	2	alphabet	alphabet_growing_sequences	elastic	staged	XML_text/02_alphabet_growing_sequences.xml	5	ABCDE	ABCDE	ABCDE.8x8.txt	A.wav|B.wav|C.wav|D.wav|E.wav	ABCDE.svg	1	1	1	1	4	4	100	YES	VERIFIED
STONE	8	2	alphabet	alphabet_growing_sequences	elastic	staged	XML_text/02_alphabet_growing_sequences.xml	6	ABCDEF	ABCDEF	ABCDEF.8x8.txt	A.wav|B.wav|C.wav|D.wav|E.wav|F.wav	ABCDEF.svg	1	1	1	1	4	4	100	YES	VERIFIED
STONE	8	2	alphabet	alphabet_growing_sequences	elastic	staged	XML_text/02_alphabet_growing_sequences.xml	7	ABCDEFG	ABCDEFG	ABCDEFG.8x8.txt	A.wav|B.wav|C.wav|D.wav|E.wav|F.wav|G.wav	ABCDEFG.svg	1	1	1	1	4	4	100	YES	VERIFIED
STONE	8	2	alphabet	alphabet_growing_sequences	elastic	staged	XML_text/02_alphabet_growing_sequences.xml	8	ABCDEFGH	ABCDEFGH	ABCDEFGH.8x8.txt	A.wav|B.wav|C.wav|D.wav|E.wav|F.wav|G.wav|H.wav	ABCDEFGH.svg	1	1	1	1	4	4	100	YES	VERIFIED
STONE	8	2	alphabet	alphabet_growing_sequences	elastic	staged	XML_text/02_alphabet_growing_sequences.xml	9	ABCDEFGHI	ABCDEFGHI	ABCDEFGHI.8x8.txt	A.wav|B.wav|C.wav|D.wav|E.wav|F.wav|G.wav|H.wav|I.wav	ABCDEFGHI.svg	1	1	1	1	4	4	100	YES	VERIFIED
STONE	8	2	alphabet	alphabet_growing_sequences	elastic	staged	XML_text/02_alphabet_growing_sequences.xml	10	ABCDEFGHIJ	ABCDEFGHIJ	ABCDEFGHIJ.8x8.txt	A.wav|B.wav|C.wav|D.wav|E.wav|F.wav|G.wav|H.wav|I.wav|J.wav	ABCDEFGHIJ.svg	1	1	1	1	4	4	100	YES	VERIFIED
STONE	8	2	alphabet	alphabet_growing_sequences	elastic	staged	XML_text/02_alphabet_growing_sequences.xml	11	ABCDEFGHIJK	ABCDEFGHIJK	ABCDEFGHIJK.8x8.txt	A.wav|B.wav|C.wav|D.wav|E.wav|F.wav|G.wav|H.wav|I.wav|J.wav|K.wav	ABCDEFGHIJK.svg	1	1	1	1	4	4	100	YES	VERIFIED
STONE	8	2	alphabet	alphabet_growing_sequences	elastic	staged	XML_text/02_alphabet_growing_sequences.xml	12	ABCDEFGHIJKL	ABCDEFGHIJKL	ABCDEFGHIJKL.8x8.txt	A.wav|B.wav|C.wav|D.wav|E.wav|F.wav|G.wav|H.wav|I.wav|J.wav|K.wav|L.wav	ABCDEFGHIJKL.svg	1	1	1	1	4	4	100	YES	VERIFIED
STONE	8	2	alphabet	alphabet_growing_sequences	elastic	staged	XML_text/02_alphabet_growing_sequences.xml	13	ABCDEFGHIJKLM	ABCDEFGHIJKLM	ABCDEFGHIJKLM.8x8.txt	A.wav|B.wav|C.wav|D.wav|E.wav|F.wav|G.wav|H.wav|I.wav|J.wav|K.wav|L.wav|M.wav	ABCDEFGHIJKLM.svg	1	1	1	1	4	4	100	YES	VERIFIED
STONE	8	2	alphabet	alphabet_growing_sequences	elastic	staged	XML_text/02_alphabet_growing_sequences.xml	14	ABCDEFGHIJKLMN	ABCDEFGHIJKLMN	ABCDEFGHIJKLMN.8x8.txt	A.wav|B.wav|C.wav|D.wav|E.wav|F.wav|G.wav|H.wav|I.wav|J.wav|K.wav|L.wav|M.wav|N.wav	ABCDEFGHIJKLMN.svg	1	1	1	1	4	4	100	YES	VERIFIED
STONE	8	2	alphabet	alphabet_growing_sequences	elastic	staged	XML_text/02_alphabet_growing_sequences.xml	15	ABCDEFGHIJKLMNO	ABCDEFGHIJKLMNO	ABCDEFGHIJKLMNO.8x8.txt	A.wav|B.wav|C.wav|D.wav|E.wav|F.wav|G.wav|H.wav|I.wav|J.wav|K.wav|L.wav|M.wav|N.wav|O.wav	ABCDEFGHIJKLMNO.svg	1	1	1	1	4	4	100	YES	VERIFIED
STONE	8	2	alphabet	alphabet_growing_sequences	elastic	staged	XML_text/02_alphabet_growing_sequences.xml	16	ABCDEFGHIJKLMNOP	ABCDEFGHIJKLMNOP	ABCDEFGHIJKLMNOP.8x8.txt	A.wav|B.wav|C.wav|D.wav|E.wav|F.wav|G.wav|H.wav|I.wav|J.wav|K.wav|L.wav|M.wav|N.wav|O.wav|P.wav	ABCDEFGHIJKLMNOP.svg	1	1	1	1	4	4	100	YES	VERIFIED
STONE	8	2	alphabet	alphabet_growing_sequences	elastic	staged	XML_text/02_alphabet_growing_sequences.xml	17	ABCDEFGHIJKLMNOPQ	ABCDEFGHIJKLMNOPQ	ABCDEFGHIJKLMNOPQ.8x8.txt	A.wav|B.wav|C.wav|D.wav|E.wav|F.wav|G.wav|H.wav|I.wav|J.wav|K.wav|L.wav|M.wav|N.wav|O.wav|P.wav|Q.wav	ABCDEFGHIJKLMNOPQ.svg	1	1	1	1	4	4	100	YES	VERIFIED
STONE	8	2	alphabet	alphabet_growing_sequences	elastic	staged	XML_text/02_alphabet_growing_sequences.xml	18	ABCDEFGHIJKLMNOPQR	ABCDEFGHIJKLMNOPQR	ABCDEFGHIJKLMNOPQR.8x8.txt	A.wav|B.wav|C.wav|D.wav|E.wav|F.wav|G.wav|H.wav|I.wav|J.wav|K.wav|L.wav|M.wav|N.wav|O.wav|P.wav|Q.wav|R.wav	ABCDEFGHIJKLMNOPQR.svg	1	1	1	1	4	4	100	YES	VERIFIED
STONE	8	2	alphabet	alphabet_growing_sequences	elastic	staged	XML_text/02_alphabet_growing_sequences.xml	19	ABCDEFGHIJKLMNOPQRS	ABCDEFGHIJKLMNOPQRS	ABCDEFGHIJKLMNOPQRS.8x8.txt	A.wav|B.wav|C.wav|D.wav|E.wav|F.wav|G.wav|H.wav|I.wav|J.wav|K.wav|L.wav|M.wav|N.wav|O.wav|P.wav|Q.wav|R.wav|S.wav	ABCDEFGHIJKLMNOPQRS.svg	1	1	1	1	4	4	100	YES	VERIFIED
STONE	8	2	alphabet	alphabet_growing_sequences	elastic	staged	XML_text/02_alphabet_growing_sequences.xml	20	ABCDEFGHIJKLMNOPQRST	ABCDEFGHIJKLMNOPQRST	ABCDEFGHIJKLMNOPQRST.8x8.txt	A.wav|B.wav|C.wav|D.wav|E.wav|F.wav|G.wav|H.wav|I.wav|J.wav|K.wav|L.wav|M.wav|N.wav|O.wav|P.wav|Q.wav|R.wav|S.wav|T.wav	ABCDEFGHIJKLMNOPQRST.svg	1	1	1	1	4	4	100	YES	VERIFIED
STONE	8	2	alphabet	alphabet_growing_sequences	elastic	staged	XML_text/02_alphabet_growing_sequences.xml	21	ABCDEFGHIJKLMNOPQRSTU	ABCDEFGHIJKLMNOPQRSTU	ABCDEFGHIJKLMNOPQRSTU.8x8.txt	A.wav|B.wav|C.wav|D.wav|E.wav|F.wav|G.wav|H.wav|I.wav|J.wav|K.wav|L.wav|M.wav|N.wav|O.wav|P.wav|Q.wav|R.wav|S.wav|T.wav|U.wav	ABCDEFGHIJKLMNOPQRSTU.svg	1	1	1	1	4	4	100	YES	VERIFIED
STONE	8	2	alphabet	alphabet_growing_sequences	elastic	staged	XML_text/02_alphabet_growing_sequences.xml	22	ABCDEFGHIJKLMNOPQRSTUV	ABCDEFGHIJKLMNOPQRSTUV	ABCDEFGHIJKLMNOPQRSTUV.8x8.txt	A.wav|B.wav|C.wav|D.wav|E.wav|F.wav|G.wav|H.wav|I.wav|J.wav|K.wav|L.wav|M.wav|N.wav|O.wav|P.wav|Q.wav|R.wav|S.wav|T.wav|U.wav|V.wav	ABCDEFGHIJKLMNOPQRSTUV.svg	1	1	1	1	4	4	100	YES	VERIFIED
STONE	8	2	alphabet	alphabet_growing_sequences	elastic	staged	XML_text/02_alphabet_growing_sequences.xml	23	ABCDEFGHIJKLMNOPQRSTUVW	ABCDEFGHIJKLMNOPQRSTUVW	ABCDEFGHIJKLMNOPQRSTUVW.8x8.txt	A.wav|B.wav|C.wav|D.wav|E.wav|F.wav|G.wav|H.wav|I.wav|J.wav|K.wav|L.wav|M.wav|N.wav|O.wav|P.wav|Q.wav|R.wav|S.wav|T.wav|U.wav|V.wav|W.wav	ABCDEFGHIJKLMNOPQRSTUVW.svg	1	1	1	1	4	4	100	YES	VERIFIED
STONE	8	2	alphabet	alphabet_growing_sequences	elastic	staged	XML_text/02_alphabet_growing_sequences.xml	24	ABCDEFGHIJKLMNOPQRSTUVWX	ABCDEFGHIJKLMNOPQRSTUVWX	ABCDEFGHIJKLMNOPQRSTUVWX.8x8.txt	A.wav|B.wav|C.wav|D.wav|E.wav|F.wav|G.wav|H.wav|I.wav|J.wav|K.wav|L.wav|M.wav|N.wav|O.wav|P.wav|Q.wav|R.wav|S.wav|T.wav|U.wav|V.wav|W.wav|X.wav	ABCDEFGHIJKLMNOPQRSTUVWX.svg	1	1	1	1	4	4	100	YES	VERIFIED
STONE	8	2	alphabet	alphabet_growing_sequences	elastic	staged	XML_text/02_alphabet_growing_sequences.xml	25	ABCDEFGHIJKLMNOPQRSTUVWXY	ABCDEFGHIJKLMNOPQRSTUVWXY	ABCDEFGHIJKLMNOPQRSTUVWXY.8x8.txt	A.wav|B.wav|C.wav|D.wav|E.wav|F.wav|G.wav|H.wav|I.wav|J.wav|K.wav|L.wav|M.wav|N.wav|O.wav|P.wav|Q.wav|R.wav|S.wav|T.wav|U.wav|V.wav|W.wav|X.wav|Y.wav	ABCDEFGHIJKLMNOPQRSTUVWXY.svg	1	1	1	1	4	4	100	YES	VERIFIED
STONE	8	2	alphabet	alphabet_growing_sequences	elastic	staged	XML_text/02_alphabet_growing_sequences.xml	26	ABCDEFGHIJKLMNOPQRSTUVWXYZ	ABCDEFGHIJKLMNOPQRSTUVWXYZ	ABCDEFGHIJKLMNOPQRSTUVWXYZ.8x8.txt	A.wav|B.wav|C.wav|D.wav|E.wav|F.wav|G.wav|H.wav|I.wav|J.wav|K.wav|L.wav|M.wav|N.wav|O.wav|P.wav|Q.wav|R.wav|S.wav|T.wav|U.wav|V.wav|W.wav|X.wav|Y.wav|Z.wav	ABCDEFGHIJKLMNOPQRSTUVWXYZ.svg	1	1	1	1	4	4	100	YES	VERIFIED
STONE	8	2	alphabet	alphabet_growing_sequences	elastic	staged	XML_text/02_alphabet_growing_sequences.xml	27	Ab	Ab	Ab.8x8.txt	A.wav|b.wav	Ab.svg	1	1	1	1	4	4	100	YES	VERIFIED
STONE	8	2	alphabet	alphabet_growing_sequences	elastic	staged	XML_text/02_alphabet_growing_sequences.xml	28	Abc	Abc	Abc.8x8.txt	A.wav|b.wav|c.wav	Abc.svg	1	1	1	1	4	4	100	YES	VERIFIED
STONE	8	2	alphabet	alphabet_growing_sequences	elastic	staged	XML_text/02_alphabet_growing_sequences.xml	29	Abcd	Abcd	Abcd.8x8.txt	A.wav|b.wav|c.wav|d.wav	Abcd.svg	1	1	1	1	4	4	100	YES	VERIFIED
STONE	8	2	alphabet	alphabet_growing_sequences	elastic	staged	XML_text/02_alphabet_growing_sequences.xml	30	Abcde	Abcde	Abcde.8x8.txt	A.wav|b.wav|c.wav|d.wav|e.wav	Abcde.svg	1	1	1	1	4	4	100	YES	VERIFIED
STONE	8	2	alphabet	alphabet_growing_sequences	elastic	staged	XML_text/02_alphabet_growing_sequences.xml	31	Abcdef	Abcdef	Abcdef.8x8.txt	A.wav|b.wav|c.wav|d.wav|e.wav|f.wav	Abcdef.svg	1	1	1	1	4	4	100	YES	VERIFIED
STONE	8	2	alphabet	alphabet_growing_sequences	elastic	staged	XML_text/02_alphabet_growing_sequences.xml	32	Abcdefg	Abcdefg	Abcdefg.8x8.txt	A.wav|b.wav|c.wav|d.wav|e.wav|f.wav|g.wav	Abcdefg.svg	1	1	1	1	4	4	100	YES	VERIFIED
STONE	8	2	alphabet	alphabet_growing_sequences	elastic	staged	XML_text/02_alphabet_growing_sequences.xml	33	Abcdefgh	Abcdefgh	Abcdefgh.8x8.txt	A.wav|b.wav|c.wav|d.wav|e.wav|f.wav|g.wav|h.wav	Abcdefgh.svg	1	1	1	1	4	4	100	YES	VERIFIED
STONE	8	2	alphabet	alphabet_growing_sequences	elastic	staged	XML_text/02_alphabet_growing_sequences.xml	34	Abcdefghi	Abcdefghi	Abcdefghi.8x8.txt	A.wav|b.wav|c.wav|d.wav|e.wav|f.wav|g.wav|h.wav|i.wav	Abcdefghi.svg	1	1	1	1	4	4	100	YES	VERIFIED
STONE	8	2	alphabet	alphabet_growing_sequences	elastic	staged	XML_text/02_alphabet_growing_sequences.xml	35	Abcdefghij	Abcdefghij	Abcdefghij.8x8.txt	A.wav|b.wav|c.wav|d.wav|e.wav|f.wav|g.wav|h.wav|i.wav|j.wav	Abcdefghij.svg	1	1	1	1	4	4	100	YES	VERIFIED
STONE	8	2	alphabet	alphabet_growing_sequences	elastic	staged	XML_text/02_alphabet_growing_sequences.xml	36	Abcdefghijk	Abcdefghijk	Abcdefghijk.8x8.txt	A.wav|b.wav|c.wav|d.wav|e.wav|f.wav|g.wav|h.wav|i.wav|j.wav|k.wav	Abcdefghijk.svg	1	1	1	1	4	4	100	YES	VERIFIED
STONE	8	2	alphabet	alphabet_growing_sequences	elastic	staged	XML_text/02_alphabet_growing_sequences.xml	37	Abcdefghijkl	Abcdefghijkl	Abcdefghijkl.8x8.txt	A.wav|b.wav|c.wav|d.wav|e.wav|f.wav|g.wav|h.wav|i.wav|j.wav|k.wav|l.wav	Abcdefghijkl.svg	1	1	1	1	4	4	100	YES	VERIFIED
STONE	8	2	alphabet	alphabet_growing_sequences	elastic	staged	XML_text/02_alphabet_growing_sequences.xml	38	Abcdefghijklm	Abcdefghijklm	Abcdefghijklm.8x8.txt	A.wav|b.wav|c.wav|d.wav|e.wav|f.wav|g.wav|h.wav|i.wav|j.wav|k.wav|l.wav|m.wav	Abcdefghijklm.svg	1	1	1	1	4	4	100	YES	VERIFIED
STONE	8	2	alphabet	alphabet_growing_sequences	elastic	staged	XML_text/02_alphabet_growing_sequences.xml	39	Abcdefghijklmn	Abcdefghijklmn	Abcdefghijklmn.8x8.txt	A.wav|b.wav|c.wav|d.wav|e.wav|f.wav|g.wav|h.wav|i.wav|j.wav|k.wav|l.wav|m.wav|n.wav	Abcdefghijklmn.svg	1	1	1	1	4	4	100	YES	VERIFIED
STONE	8	2	alphabet	alphabet_growing_sequences	elastic	staged	XML_text/02_alphabet_growing_sequences.xml	40	Abcdefghijklmno	Abcdefghijklmno	Abcdefghijklmno.8x8.txt	A.wav|b.wav|c.wav|d.wav|e.wav|f.wav|g.wav|h.wav|i.wav|j.wav|k.wav|l.wav|m.wav|n.wav|o.wav	Abcdefghijklmno.svg	1	1	1	1	4	4	100	YES	VERIFIED
STONE	8	2	alphabet	alphabet_growing_sequences	elastic	staged	XML_text/02_alphabet_growing_sequences.xml	41	Abcdefghijklmnop	Abcdefghijklmnop	Abcdefghijklmnop.8x8.txt	A.wav|b.wav|c.wav|d.wav|e.wav|f.wav|g.wav|h.wav|i.wav|j.wav|k.wav|l.wav|m.wav|n.wav|o.wav|p.wav	Abcdefghijklmnop.svg	1	1	1	1	4	4	100	YES	VERIFIED
STONE	8	2	alphabet	alphabet_growing_sequences	elastic	staged	XML_text/02_alphabet_growing_sequences.xml	42	Abcdefghijklmnopq	Abcdefghijklmnopq	Abcdefghijklmnopq.8x8.txt	A.wav|b.wav|c.wav|d.wav|e.wav|f.wav|g.wav|h.wav|i.wav|j.wav|k.wav|l.wav|m.wav|n.wav|o.wav|p.wav|q.wav	Abcdefghijklmnopq.svg	1	1	1	1	4	4	100	YES	VERIFIED
STONE	8	2	alphabet	alphabet_growing_sequences	elastic	staged	XML_text/02_alphabet_growing_sequences.xml	43	Abcdefghijklmnopqr	Abcdefghijklmnopqr	Abcdefghijklmnopqr.8x8.txt	A.wav|b.wav|c.wav|d.wav|e.wav|f.wav|g.wav|h.wav|i.wav|j.wav|k.wav|l.wav|m.wav|n.wav|o.wav|p.wav|q.wav|r.wav	Abcdefghijklmnopqr.svg	1	1	1	1	4	4	100	YES	VERIFIED
STONE	8	2	alphabet	alphabet_growing_sequences	elastic	staged	XML_text/02_alphabet_growing_sequences.xml	44	Abcdefghijklmnopqrs	Abcdefghijklmnopqrs	Abcdefghijklmnopqrs.8x8.txt	A.wav|b.wav|c.wav|d.wav|e.wav|f.wav|g.wav|h.wav|i.wav|j.wav|k.wav|l.wav|m.wav|n.wav|o.wav|p.wav|q.wav|r.wav|s.wav	Abcdefghijklmnopqrs.svg	1	1	1	1	4	4	100	YES	VERIFIED
STONE	8	2	alphabet	alphabet_growing_sequences	elastic	staged	XML_text/02_alphabet_growing_sequences.xml	45	Abcdefghijklmnopqrst	Abcdefghijklmnopqrst	Abcdefghijklmnopqrst.8x8.txt	A.wav|b.wav|c.wav|d.wav|e.wav|f.wav|g.wav|h.wav|i.wav|j.wav|k.wav|l.wav|m.wav|n.wav|o.wav|p.wav|q.wav|r.wav|s.wav|t.wav	Abcdefghijklmnopqrst.svg	1	1	1	1	4	4	100	YES	VERIFIED
STONE	8	2	alphabet	alphabet_growing_sequences	elastic	staged	XML_text/02_alphabet_growing_sequences.xml	46	Abcdefghijklmnopqrstu	Abcdefghijklmnopqrstu	Abcdefghijklmnopqrstu.8x8.txt	A.wav|b.wav|c.wav|d.wav|e.wav|f.wav|g.wav|h.wav|i.wav|j.wav|k.wav|l.wav|m.wav|n.wav|o.wav|p.wav|q.wav|r.wav|s.wav|t.wav|u.wav	Abcdefghijklmnopqrstu.svg	1	1	1	1	4	4	100	YES	VERIFIED
STONE	8	2	alphabet	alphabet_growing_sequences	elastic	staged	XML_text/02_alphabet_growing_sequences.xml	47	Abcdefghijklmnopqrstuv	Abcdefghijklmnopqrstuv	Abcdefghijklmnopqrstuv.8x8.txt	A.wav|b.wav|c.wav|d.wav|e.wav|f.wav|g.wav|h.wav|i.wav|j.wav|k.wav|l.wav|m.wav|n.wav|o.wav|p.wav|q.wav|r.wav|s.wav|t.wav|u.wav|v.wav	Abcdefghijklmnopqrstuv.svg	1	1	1	1	4	4	100	YES	VERIFIED
STONE	8	2	alphabet	alphabet_growing_sequences	elastic	staged	XML_text/02_alphabet_growing_sequences.xml	48	Abcdefghijklmnopqrstuvw	Abcdefghijklmnopqrstuvw	Abcdefghijklmnopqrstuvw.8x8.txt	A.wav|b.wav|c.wav|d.wav|e.wav|f.wav|g.wav|h.wav|i.wav|j.wav|k.wav|l.wav|m.wav|n.wav|o.wav|p.wav|q.wav|r.wav|s.wav|t.wav|u.wav|v.wav|w.wav	Abcdefghijklmnopqrstuvw.svg	1	1	1	1	4	4	100	YES	VERIFIED
STONE	8	2	alphabet	alphabet_growing_sequences	elastic	staged	XML_text/02_alphabet_growing_sequences.xml	49	Abcdefghijklmnopqrstuvwx	Abcdefghijklmnopqrstuvwx	Abcdefghijklmnopqrstuvwx.8x8.txt	A.wav|b.wav|c.wav|d.wav|e.wav|f.wav|g.wav|h.wav|i.wav|j.wav|k.wav|l.wav|m.wav|n.wav|o.wav|p.wav|q.wav|r.wav|s.wav|t.wav|u.wav|v.wav|w.wav|x.wav	Abcdefghijklmnopqrstuvwx.svg	1	1	1	1	4	4	100	YES	VERIFIED
STONE	8	2	alphabet	alphabet_growing_sequences	elastic	staged	XML_text/02_alphabet_growing_sequences.xml	50	Abcdefghijklmnopqrstuvwxy	Abcdefghijklmnopqrstuvwxy	Abcdefghijklmnopqrstuvwxy.8x8.txt	A.wav|b.wav|c.wav|d.wav|e.wav|f.wav|g.wav|h.wav|i.wav|j.wav|k.wav|l.wav|m.wav|n.wav|o.wav|p.wav|q.wav|r.wav|s.wav|t.wav|u.wav|v.wav|w.wav|x.wav|y.wav	Abcdefghijklmnopqrstuvwxy.svg	1	1	1	1	4	4	100	YES	VERIFIED
STONE	8	2	alphabet	alphabet_growing_sequences	elastic	staged	XML_text/02_alphabet_growing_sequences.xml	51	Abcdefghijklmnopqrstuvwxyz	Abcdefghijklmnopqrstuvwxyz	Abcdefghijklmnopqrstuvwxyz.8x8.txt	A.wav|b.wav|c.wav|d.wav|e.wav|f.wav|g.wav|h.wav|i.wav|j.wav|k.wav|l.wav|m.wav|n.wav|o.wav|p.wav|q.wav|r.wav|s.wav|t.wav|u.wav|v.wav|w.wav|x.wav|y.wav|z.wav	Abcdefghijklmnopqrstuvwxyz.svg	1	1	1	1	4	4	100	YES	VERIFIED
STONE	8	2	alphabet	alphabet_growing_sequences	elastic	staged	XML_text/02_alphabet_growing_sequences.xml	52	Aa	Aa	Aa.8x8.txt	A.wav|a.wav	Aa.svg	1	1	1	1	4	4	100	YES	VERIFIED
STONE	8	2	alphabet	alphabet_growing_sequences	elastic	staged	XML_text/02_alphabet_growing_sequences.xml	53	AaBb	AaBb	AaBb.8x8.txt	A.wav|a.wav|B.wav|b.wav	AaBb.svg	1	1	1	1	4	4	100	YES	VERIFIED
STONE	8	2	alphabet	alphabet_growing_sequences	elastic	staged	XML_text/02_alphabet_growing_sequences.xml	54	AaBbCc	AaBbCc	AaBbCc.8x8.txt	A.wav|a.wav|B.wav|b.wav|C.wav|c.wav	AaBbCc.svg	1	1	1	1	4	4	100	YES	VERIFIED
STONE	8	2	alphabet	alphabet_growing_sequences	elastic	staged	XML_text/02_alphabet_growing_sequences.xml	55	AaBbCcDd	AaBbCcDd	AaBbCcDd.8x8.txt	A.wav|a.wav|B.wav|b.wav|C.wav|c.wav|D.wav|d.wav	AaBbCcDd.svg	1	1	1	1	4	4	100	YES	VERIFIED
STONE	8	2	alphabet	alphabet_growing_sequences	elastic	staged	XML_text/02_alphabet_growing_sequences.xml	56	AaBbCcDdEe	AaBbCcDdEe	AaBbCcDdEe.8x8.txt	A.wav|a.wav|B.wav|b.wav|C.wav|c.wav|D.wav|d.wav|E.wav|e.wav	AaBbCcDdEe.svg	1	1	1	1	4	4	100	YES	VERIFIED
STONE	8	2	alphabet	alphabet_growing_sequences	elastic	staged	XML_text/02_alphabet_growing_sequences.xml	57	AaBbCcDdEeFf	AaBbCcDdEeFf	AaBbCcDdEeFf.8x8.txt	A.wav|a.wav|B.wav|b.wav|C.wav|c.wav|D.wav|d.wav|E.wav|e.wav|F.wav|f.wav	AaBbCcDdEeFf.svg	1	1	1	1	4	4	100	YES	VERIFIED
STONE	8	2	alphabet	alphabet_growing_sequences	elastic	staged	XML_text/02_alphabet_growing_sequences.xml	58	AaBbCcDdEeFfGg	AaBbCcDdEeFfGg	AaBbCcDdEeFfGg.8x8.txt	A.wav|a.wav|B.wav|b.wav|C.wav|c.wav|D.wav|d.wav|E.wav|e.wav|F.wav|f.wav|G.wav|g.wav	AaBbCcDdEeFfGg.svg	1	1	1	1	4	4	100	YES	VERIFIED
STONE	8	2	alphabet	alphabet_growing_sequences	elastic	staged	XML_text/02_alphabet_growing_sequences.xml	59	AaBbCcDdEeFfGgHh	AaBbCcDdEeFfGgHh	AaBbCcDdEeFfGgHh.8x8.txt	A.wav|a.wav|B.wav|b.wav|C.wav|c.wav|D.wav|d.wav|E.wav|e.wav|F.wav|f.wav|G.wav|g.wav|H.wav|h.wav	AaBbCcDdEeFfGgHh.svg	1	1	1	1	4	4	100	YES	VERIFIED
STONE	8	2	alphabet	alphabet_growing_sequences	elastic	staged	XML_text/02_alphabet_growing_sequences.xml	60	AaBbCcDdEeFfGgHhIi	AaBbCcDdEeFfGgHhIi	AaBbCcDdEeFfGgHhIi.8x8.txt	A.wav|a.wav|B.wav|b.wav|C.wav|c.wav|D.wav|d.wav|E.wav|e.wav|F.wav|f.wav|G.wav|g.wav|H.wav|h.wav|I.wav|i.wav	AaBbCcDdEeFfGgHhIi.svg	1	1	1	1	4	4	100	YES	VERIFIED
STONE	8	2	alphabet	alphabet_growing_sequences	elastic	staged	XML_text/02_alphabet_growing_sequences.xml	61	AaBbCcDdEeFfGgHhIiJj	AaBbCcDdEeFfGgHhIiJj	AaBbCcDdEeFfGgHhIiJj.8x8.txt	A.wav|a.wav|B.wav|b.wav|C.wav|c.wav|D.wav|d.wav|E.wav|e.wav|F.wav|f.wav|G.wav|g.wav|H.wav|h.wav|I.wav|i.wav|J.wav|j.wav	AaBbCcDdEeFfGgHhIiJj.svg	1	1	1	1	4	4	100	YES	VERIFIED
STONE	8	2	alphabet	alphabet_growing_sequences	elastic	staged	XML_text/02_alphabet_growing_sequences.xml	62	AaBbCcDdEeFfGgHhIiJjKk	AaBbCcDdEeFfGgHhIiJjKk	AaBbCcDdEeFfGgHhIiJjKk.8x8.txt	A.wav|a.wav|B.wav|b.wav|C.wav|c.wav|D.wav|d.wav|E.wav|e.wav|F.wav|f.wav|G.wav|g.wav|H.wav|h.wav|I.wav|i.wav|J.wav|j.wav|K.wav|k.wav	AaBbCcDdEeFfGgHhIiJjKk.svg	1	1	1	1	4	4	100	YES	VERIFIED
STONE	8	2	alphabet	alphabet_growing_sequences	elastic	staged	XML_text/02_alphabet_growing_sequences.xml	63	AaBbCcDdEeFfGgHhIiJjKkLl	AaBbCcDdEeFfGgHhIiJjKkLl	AaBbCcDdEeFfGgHhIiJjKkLl.8x8.txt	A.wav|a.wav|B.wav|b.wav|C.wav|c.wav|D.wav|d.wav|E.wav|e.wav|F.wav|f.wav|G.wav|g.wav|H.wav|h.wav|I.wav|i.wav|J.wav|j.wav|K.wav|k.wav|L.wav|l.wav	AaBbCcDdEeFfGgHhIiJjKkLl.svg	1	1	1	1	4	4	100	YES	VERIFIED
STONE	8	2	alphabet	alphabet_growing_sequences	elastic	staged	XML_text/02_alphabet_growing_sequences.xml	64	AaBbCcDdEeFfGgHhIiJjKkLlMm	AaBbCcDdEeFfGgHhIiJjKkLlMm	AaBbCcDdEeFfGgHhIiJjKkLlMm.8x8.txt	A.wav|a.wav|B.wav|b.wav|C.wav|c.wav|D.wav|d.wav|E.wav|e.wav|F.wav|f.wav|G.wav|g.wav|H.wav|h.wav|I.wav|i.wav|J.wav|j.wav|K.wav|k.wav|L.wav|l.wav|M.wav|m.wav	AaBbCcDdEeFfGgHhIiJjKkLlMm.svg	1	1	1	1	4	4	100	YES	VERIFIED
STONE	8	2	alphabet	alphabet_growing_sequences	elastic	staged	XML_text/02_alphabet_growing_sequences.xml	65	AaBbCcDdEeFfGgHhIiJjKkLlMmNn	AaBbCcDdEeFfGgHhIiJjKkLlMmNn	AaBbCcDdEeFfGgHhIiJjKkLlMmNn.8x8.txt	A.wav|a.wav|B.wav|b.wav|C.wav|c.wav|D.wav|d.wav|E.wav|e.wav|F.wav|f.wav|G.wav|g.wav|H.wav|h.wav|I.wav|i.wav|J.wav|j.wav|K.wav|k.wav|L.wav|l.wav|M.wav|m.wav|N.wav|n.wav	AaBbCcDdEeFfGgHhIiJjKkLlMmNn.svg	1	1	1	1	4	4	100	YES	VERIFIED
STONE	8	2	alphabet	alphabet_growing_sequences	elastic	staged	XML_text/02_alphabet_growing_sequences.xml	66	AaBbCcDdEeFfGgHhIiJjKkLlMmNnOo	AaBbCcDdEeFfGgHhIiJjKkLlMmNnOo	AaBbCcDdEeFfGgHhIiJjKkLlMmNnOo.8x8.txt	A.wav|a.wav|B.wav|b.wav|C.wav|c.wav|D.wav|d.wav|E.wav|e.wav|F.wav|f.wav|G.wav|g.wav|H.wav|h.wav|I.wav|i.wav|J.wav|j.wav|K.wav|k.wav|L.wav|l.wav|M.wav|m.wav|N.wav|n.wav|O.wav|o.wav	AaBbCcDdEeFfGgHhIiJjKkLlMmNnOo.svg	1	1	1	1	4	4	100	YES	VERIFIED
STONE	8	2	alphabet	alphabet_growing_sequences	elastic	staged	XML_text/02_alphabet_growing_sequences.xml	67	AaBbCcDdEeFfGgHhIiJjKkLlMmNnOoPp	AaBbCcDdEeFfGgHhIiJjKkLlMmNnOoPp	AaBbCcDdEeFfGgHhIiJjKkLlMmNnOoPp.8x8.txt	A.wav|a.wav|B.wav|b.wav|C.wav|c.wav|D.wav|d.wav|E.wav|e.wav|F.wav|f.wav|G.wav|g.wav|H.wav|h.wav|I.wav|i.wav|J.wav|j.wav|K.wav|k.wav|L.wav|l.wav|M.wav|m.wav|N.wav|n.wav|O.wav|o.wav|P.wav|p.wav	AaBbCcDdEeFfGgHhIiJjKkLlMmNnOoPp.svg	1	1	1	1	4	4	100	YES	VERIFIED
STONE	8	2	alphabet	alphabet_growing_sequences	elastic	staged	XML_text/02_alphabet_growing_sequences.xml	68	AaBbCcDdEeFfGgHhIiJjKkLlMmNnOoPpQq	AaBbCcDdEeFfGgHhIiJjKkLlMmNnOoPpQq	AaBbCcDdEeFfGgHhIiJjKkLlMmNnOoPpQq.8x8.txt	A.wav|a.wav|B.wav|b.wav|C.wav|c.wav|D.wav|d.wav|E.wav|e.wav|F.wav|f.wav|G.wav|g.wav|H.wav|h.wav|I.wav|i.wav|J.wav|j.wav|K.wav|k.wav|L.wav|l.wav|M.wav|m.wav|N.wav|n.wav|O.wav|o.wav|P.wav|p.wav|Q.wav|q.wav	AaBbCcDdEeFfGgHhIiJjKkLlMmNnOoPpQq.svg	1	1	1	1	4	4	100	YES	VERIFIED
STONE	8	2	alphabet	alphabet_growing_sequences	elastic	staged	XML_text/02_alphabet_growing_sequences.xml	69	AaBbCcDdEeFfGgHhIiJjKkLlMmNnOoPpQqRr	AaBbCcDdEeFfGgHhIiJjKkLlMmNnOoPpQqRr	AaBbCcDdEeFfGgHhIiJjKkLlMmNnOoPpQqRr.8x8.txt	A.wav|a.wav|B.wav|b.wav|C.wav|c.wav|D.wav|d.wav|E.wav|e.wav|F.wav|f.wav|G.wav|g.wav|H.wav|h.wav|I.wav|i.wav|J.wav|j.wav|K.wav|k.wav|L.wav|l.wav|M.wav|m.wav|N.wav|n.wav|O.wav|o.wav|P.wav|p.wav|Q.wav|q.wav|R.wav|r.wav	AaBbCcDdEeFfGgHhIiJjKkLlMmNnOoPpQqRr.svg	1	1	1	1	4	4	100	YES	VERIFIED
STONE	8	2	alphabet	alphabet_growing_sequences	elastic	staged	XML_text/02_alphabet_growing_sequences.xml	70	AaBbCcDdEeFfGgHhIiJjKkLlMmNnOoPpQqRrSs	AaBbCcDdEeFfGgHhIiJjKkLlMmNnOoPpQqRrSs	AaBbCcDdEeFfGgHhIiJjKkLlMmNnOoPpQqRrSs.8x8.txt	A.wav|a.wav|B.wav|b.wav|C.wav|c.wav|D.wav|d.wav|E.wav|e.wav|F.wav|f.wav|G.wav|g.wav|H.wav|h.wav|I.wav|i.wav|J.wav|j.wav|K.wav|k.wav|L.wav|l.wav|M.wav|m.wav|N.wav|n.wav|O.wav|o.wav|P.wav|p.wav|Q.wav|q.wav|R.wav|r.wav|S.wav|s.wav	AaBbCcDdEeFfGgHhIiJjKkLlMmNnOoPpQqRrSs.svg	1	1	1	1	4	4	100	YES	VERIFIED
STONE	8	2	alphabet	alphabet_growing_sequences	elastic	staged	XML_text/02_alphabet_growing_sequences.xml	71	AaBbCcDdEeFfGgHhIiJjKkLlMmNnOoPpQqRrSsTt	AaBbCcDdEeFfGgHhIiJjKkLlMmNnOoPpQqRrSsTt	AaBbCcDdEeFfGgHhIiJjKkLlMmNnOoPpQqRrSsTt.8x8.txt	A.wav|a.wav|B.wav|b.wav|C.wav|c.wav|D.wav|d.wav|E.wav|e.wav|F.wav|f.wav|G.wav|g.wav|H.wav|h.wav|I.wav|i.wav|J.wav|j.wav|K.wav|k.wav|L.wav|l.wav|M.wav|m.wav|N.wav|n.wav|O.wav|o.wav|P.wav|p.wav|Q.wav|q.wav|R.wav|r.wav|S.wav|s.wav|T.wav|t.wav	AaBbCcDdEeFfGgHhIiJjKkLlMmNnOoPpQqRrSsTt.svg	1	1	1	1	4	4	100	YES	VERIFIED
STONE	8	2	alphabet	alphabet_growing_sequences	elastic	staged	XML_text/02_alphabet_growing_sequences.xml	72	AaBbCcDdEeFfGgHhIiJjKkLlMmNnOoPpQqRrSsTtUu	AaBbCcDdEeFfGgHhIiJjKkLlMmNnOoPpQqRrSsTtUu	AaBbCcDdEeFfGgHhIiJjKkLlMmNnOoPpQqRrSsTtUu.8x8.txt	A.wav|a.wav|B.wav|b.wav|C.wav|c.wav|D.wav|d.wav|E.wav|e.wav|F.wav|f.wav|G.wav|g.wav|H.wav|h.wav|I.wav|i.wav|J.wav|j.wav|K.wav|k.wav|L.wav|l.wav|M.wav|m.wav|N.wav|n.wav|O.wav|o.wav|P.wav|p.wav|Q.wav|q.wav|R.wav|r.wav|S.wav|s.wav|T.wav|t.wav|U.wav|u.wav	AaBbCcDdEeFfGgHhIiJjKkLlMmNnOoPpQqRrSsTtUu.svg	1	1	1	1	4	4	100	YES	VERIFIED
STONE	8	2	alphabet	alphabet_growing_sequences	elastic	staged	XML_text/02_alphabet_growing_sequences.xml	73	AaBbCcDdEeFfGgHhIiJjKkLlMmNnOoPpQqRrSsTtUuVv	AaBbCcDdEeFfGgHhIiJjKkLlMmNnOoPpQqRrSsTtUuVv	AaBbCcDdEeFfGgHhIiJjKkLlMmNnOoPpQqRrSsTtUuVv.8x8.txt	A.wav|a.wav|B.wav|b.wav|C.wav|c.wav|D.wav|d.wav|E.wav|e.wav|F.wav|f.wav|G.wav|g.wav|H.wav|h.wav|I.wav|i.wav|J.wav|j.wav|K.wav|k.wav|L.wav|l.wav|M.wav|m.wav|N.wav|n.wav|O.wav|o.wav|P.wav|p.wav|Q.wav|q.wav|R.wav|r.wav|S.wav|s.wav|T.wav|t.wav|U.wav|u.wav|V.wav|v.wav	AaBbCcDdEeFfGgHhIiJjKkLlMmNnOoPpQqRrSsTtUuVv.svg	1	1	1	1	4	4	100	YES	VERIFIED
STONE	8	2	alphabet	alphabet_growing_sequences	elastic	staged	XML_text/02_alphabet_growing_sequences.xml	74	AaBbCcDdEeFfGgHhIiJjKkLlMmNnOoPpQqRrSsTtUuVvWw	AaBbCcDdEeFfGgHhIiJjKkLlMmNnOoPpQqRrSsTtUuVvWw	AaBbCcDdEeFfGgHhIiJjKkLlMmNnOoPpQqRrSsTtUuVvWw.8x8.txt	A.wav|a.wav|B.wav|b.wav|C.wav|c.wav|D.wav|d.wav|E.wav|e.wav|F.wav|f.wav|G.wav|g.wav|H.wav|h.wav|I.wav|i.wav|J.wav|j.wav|K.wav|k.wav|L.wav|l.wav|M.wav|m.wav|N.wav|n.wav|O.wav|o.wav|P.wav|p.wav|Q.wav|q.wav|R.wav|r.wav|S.wav|s.wav|T.wav|t.wav|U.wav|u.wav|V.wav|v.wav|W.wav|w.wav	AaBbCcDdEeFfGgHhIiJjKkLlMmNnOoPpQqRrSsTtUuVvWw.svg	1	1	1	1	4	4	100	YES	VERIFIED
STONE	8	2	alphabet	alphabet_growing_sequences	elastic	staged	XML_text/02_alphabet_growing_sequences.xml	75	AaBbCcDdEeFfGgHhIiJjKkLlMmNnOoPpQqRrSsTtUuVvWwXx	AaBbCcDdEeFfGgHhIiJjKkLlMmNnOoPpQqRrSsTtUuVvWwXx	AaBbCcDdEeFfGgHhIiJjKkLlMmNnOoPpQqRrSsTtUuVvWwXx.8x8.txt	A.wav|a.wav|B.wav|b.wav|C.wav|c.wav|D.wav|d.wav|E.wav|e.wav|F.wav|f.wav|G.wav|g.wav|H.wav|h.wav|I.wav|i.wav|J.wav|j.wav|K.wav|k.wav|L.wav|l.wav|M.wav|m.wav|N.wav|n.wav|O.wav|o.wav|P.wav|p.wav|Q.wav|q.wav|R.wav|r.wav|S.wav|s.wav|T.wav|t.wav|U.wav|u.wav|V.wav|v.wav|W.wav|w.wav|X.wav|x.wav	AaBbCcDdEeFfGgHhIiJjKkLlMmNnOoPpQqRrSsTtUuVvWwXx.svg	1	1	1	1	4	4	100	YES	VERIFIED
STONE	8	2	alphabet	alphabet_growing_sequences	elastic	staged	XML_text/02_alphabet_growing_sequences.xml	76	AaBbCcDdEeFfGgHhIiJjKkLlMmNnOoPpQqRrSsTtUuVvWwXxYy	AaBbCcDdEeFfGgHhIiJjKkLlMmNnOoPpQqRrSsTtUuVvWwXxYy	AaBbCcDdEeFfGgHhIiJjKkLlMmNnOoPpQqRrSsTtUuVvWwXxYy.8x8.txt	A.wav|a.wav|B.wav|b.wav|C.wav|c.wav|D.wav|d.wav|E.wav|e.wav|F.wav|f.wav|G.wav|g.wav|H.wav|h.wav|I.wav|i.wav|J.wav|j.wav|K.wav|k.wav|L.wav|l.wav|M.wav|m.wav|N.wav|n.wav|O.wav|o.wav|P.wav|p.wav|Q.wav|q.wav|R.wav|r.wav|S.wav|s.wav|T.wav|t.wav|U.wav|u.wav|V.wav|v.wav|W.wav|w.wav|X.wav|x.wav|Y.wav|y.wav	AaBbCcDdEeFfGgHhIiJjKkLlMmNnOoPpQqRrSsTtUuVvWwXxYy.svg	1	1	1	1	4	4	100	YES	VERIFIED
STONE	8	2	alphabet	alphabet_growing_sequences	elastic	staged	XML_text/02_alphabet_growing_sequences.xml	77	AaBbCcDdEeFfGgHhIiJjKkLlMmNnOoPpQqRrSsTtUuVvWwXxYyZz	AaBbCcDdEeFfGgHhIiJjKkLlMmNnOoPpQqRrSsTtUuVvWwXxYyZz	AaBbCcDdEeFfGgHhIiJjKkLlMmNnOoPpQqRrSsTtUuVvWwXxYyZz.8x8.txt	A.wav|a.wav|B.wav|b.wav|C.wav|c.wav|D.wav|d.wav|E.wav|e.wav|F.wav|f.wav|G.wav|g.wav|H.wav|h.wav|I.wav|i.wav|J.wav|j.wav|K.wav|k.wav|L.wav|l.wav|M.wav|m.wav|N.wav|n.wav|O.wav|o.wav|P.wav|p.wav|Q.wav|q.wav|R.wav|r.wav|S.wav|s.wav|T.wav|t.wav|U.wav|u.wav|V.wav|v.wav|W.wav|w.wav|X.wav|x.wav|Y.wav|y.wav|Z.wav|z.wav	AaBbCcDdEeFfGgHhIiJjKkLlMmNnOoPpQqRrSsTtUuVvWwXxYyZz.svg	1	1	1	1	4	4	100	YES	VERIFIED
TABLET_SUMMARY	8	2	alphabet	alphabet_growing_sequences	elastic	staged	XML_text/02_alphabet_growing_sequences.xml	0						0	0	0	0	308	308	100	YES	100_PERCENT_VERIFIED
TABLET	9	3	colors	colors_solo_words	solo	planned	XML_text/03_colors_solo_words.xml	0						0	0	0	0	0	0	0	NO	PLANNED
TABLET	10	3	colors	colors_count_select_separate	bridge	planned	XML_text/03_colors_count_select_separate.xml	0						0	0	0	0	0	0	0	NO	PLANNED
TABLET	11	3	colors	colors_elastic	elastic	planned	XML_text/03_colors_elastic.xml	0						0	0	0	0	0	0	0	NO	PLANNED
TABLET	12	4	shapes	shapes_2d_solo	solo	planned	XML_text/04_shapes_2d_solo.xml	0						0	0	0	0	0	0	0	NO	PLANNED
TABLET	13	4	shapes	shapes_color_count_bridges	bridge	planned	XML_text/04_shapes_color_count_bridges.xml	0						0	0	0	0	0	0	0	NO	PLANNED
TABLET	14	4	shapes	shapes_dot_construction_and_elasticity	elastic	planned	XML_text/04_shapes_dot_construction_and_elasticity.xml	0						0	0	0	0	0	0	0	NO	PLANNED
TABLET	15	5	math	addition_subtraction_exact_families	bridge	planned	XML_text/05_addition_subtraction_exact_families.xml	0						0	0	0	0	0	0	0	NO	PLANNED
TABLET	16	5	math	multiplication_division_exact_families	bridge	planned	XML_text/05_multiplication_division_exact_families.xml	0						0	0	0	0	0	0	0	NO	PLANNED
TABLET	17	5	math	math_elastic_transfer	elastic	planned	XML_text/05_math_elastic_transfer.xml	0						0	0	0	0	0	0	0	NO	PLANNED
EDEN_SUMMARY	0	0	ALL	ALL	ALL	OPEN	data/eden/manifest.xml	0						0	0	0	0	1033	1033	100	NO	AUDITED_TABLETS=7;COMPLETE_TABLETS=7;TOTAL_TABLETS=17
